InspectionID,VehicleID,Date,Model,Shift,Station,Result,Defect,ReworkMinutes,UpdatedAt
DEMO-00694-1,DEMO-00694,2026-08-24,Compact B,A,Body,PASS,None,0,2026-08-24T16:00:00
DEMO-00543-2,DEMO-00543,2026-08-19,Compact A,C,Paint,PASS,None,0,2026-08-19T16:00:00
DEMO-00519-3,DEMO-00519,2026-08-18,Compact A,C,Final,FAIL,Function check,26,2026-08-18T16:00:00
DEMO-00330-1,DEMO-00330,2026-08-11,Compact B,C,Body,PASS,None,0,2026-08-11T16:00:00
DEMO-00398-1,DEMO-00398,2026-08-14,Compact B,B,Body,PASS,None,0,2026-08-14T16:00:00
DEMO-00393-1,DEMO-00393,2026-08-14,Compact A,C,Body,PASS,None,0,2026-08-14T16:00:00
DEMO-00424-3,DEMO-00424,2026-08-15,Compact B,A,Final,PASS,None,0,2026-08-15T16:00:00
DEMO-00167-1,DEMO-00167,2026-08-06,Compact A,B,Body,PASS,None,0,2026-08-06T16:00:00
DEMO-00751-3,DEMO-00751,2026-08-26,Compact A,A,Final,PASS,None,0,2026-08-26T16:00:00
DEMO-00754-3,DEMO-00754,2026-08-26,Compact B,A,Final,PASS,None,0,2026-08-26T16:00:00
DEMO-00036-3,DEMO-00036,2026-08-02,Compact B,C,Final,FAIL,Function check,47,2026-08-02T16:00:00
DEMO-00112-2,DEMO-00112,2026-08-04,Compact B,A,Paint,PASS,None,0,2026-08-04T16:00:00
DEMO-00653-2,DEMO-00653,2026-08-22,Compact A,B,Paint,FAIL,Paint finish,28,2026-08-22T16:00:00
DEMO-00830-3,DEMO-00830,2026-08-28,Compact B,B,Final,PASS,None,0,2026-08-28T16:00:00
DEMO-00616-2,DEMO-00616,2026-08-21,Compact B,A,Paint,PASS,None,0,2026-08-21T16:00:00
DEMO-00043-1,DEMO-00043,2026-08-02,Compact A,A,Body,PASS,None,0,2026-08-02T16:00:00
BAD-RESULT,DEMO-00001,2026-08-01,Compact A,A,Body,UNKNOWN,None,0,2026-08-01T16:00:00
DEMO-00536-2,DEMO-00536,2026-08-18,Compact B,B,Paint,PASS,None,0,2026-08-18T16:00:00
DEMO-00075-3,DEMO-00075,2026-08-03,Compact A,C,Final,PASS,None,0,2026-08-03T16:00:00
DEMO-00274-3,DEMO-00274,2026-08-10,Compact B,A,Final,PASS,None,0,2026-08-10T16:00:00
DEMO-00310-1,DEMO-00310,2026-08-11,Compact B,A,Body,PASS,None,0,2026-08-11T16:00:00
DEMO-00247-2,DEMO-00247,2026-08-09,Compact A,A,Paint,PASS,None,0,2026-08-09T16:00:00
DEMO-00510-1,DEMO-00510,2026-08-17,Compact B,C,Body,PASS,None,0,2026-08-17T16:00:00
DEMO-00190-3,DEMO-00190,2026-08-07,Compact B,A,Final,PASS,None,0,2026-08-07T16:00:00
DEMO-00472-1,DEMO-00472,2026-08-16,Compact B,A,Body,PASS,None,0,2026-08-16T16:00:00
DEMO-00239-2,DEMO-00239,2026-08-08,Compact A,B,Paint,PASS,None,0,2026-08-08T16:00:00
DEMO-00099-3,DEMO-00099,2026-08-04,Compact A,C,Final,PASS,None,0,2026-08-04T16:00:00
DEMO-00006-3,DEMO-00006,2026-08-01,Compact B,C,Final,PASS,None,0,2026-08-01T16:00:00
DEMO-00783-1,DEMO-00783,2026-08-27,Compact A,C,Body,PASS,None,0,2026-08-27T16:00:00
DEMO-00584-3,DEMO-00584,2026-08-20,Compact B,B,Final,PASS,None,0,2026-08-20T16:00:00
DEMO-00547-2,DEMO-00547,2026-08-19,Compact A,A,Paint,PASS,None,0,2026-08-19T16:00:00
DEMO-00403-3,DEMO-00403,2026-08-14,Compact A,A,Final,PASS,None,0,2026-08-14T16:00:00
DEMO-00652-3,DEMO-00652,2026-08-22,Compact B,A,Final,PASS,None,0,2026-08-22T16:00:00
DEMO-00096-2,DEMO-00096,2026-08-04,Compact B,C,Paint,FAIL,Paint finish,10,2026-08-04T16:00:00
DEMO-00276-2,DEMO-00276,2026-08-10,Compact B,C,Paint,PASS,None,0,2026-08-10T16:00:00
DEMO-00214-2,DEMO-00214,2026-08-08,Compact B,A,Paint,PASS,None,0,2026-08-08T16:00:00
DEMO-00660-2,DEMO-00660,2026-08-22,Compact B,C,Paint,FAIL,Paint finish,26,2026-08-22T16:00:00
DEMO-00502-1,DEMO-00502,2026-08-17,Compact B,A,Body,PASS,None,0,2026-08-17T16:00:00
DEMO-00688-1,DEMO-00688,2026-08-23,Compact B,A,Body,PASS,None,0,2026-08-23T16:00:00
DEMO-00025-3,DEMO-00025,2026-08-01,Compact A,A,Final,PASS,None,0,2026-08-01T16:00:00
DEMO-00162-3,DEMO-00162,2026-08-06,Compact B,C,Final,FAIL,Fit and finish,14,2026-08-06T16:00:00
DEMO-00557-1,DEMO-00557,2026-08-19,Compact A,B,Body,PASS,None,0,2026-08-19T16:00:00
DEMO-00701-3,DEMO-00701,2026-08-24,Compact A,B,Final,PASS,None,0,2026-08-24T16:00:00
DEMO-00023-3,DEMO-00023,2026-08-01,Compact A,B,Final,FAIL,Function check,49,2026-08-01T16:00:00
DEMO-00173-3,DEMO-00173,2026-08-06,Compact A,B,Final,PASS,None,0,2026-08-06T16:00:00
DEMO-00805-3,DEMO-00805,2026-08-27,Compact A,A,Final,PASS,None,0,2026-08-27T16:00:00
DEMO-00765-2,DEMO-00765,2026-08-26,Compact A,C,Paint,PASS,None,0,2026-08-26T16:00:00
DEMO-00525-2,DEMO-00525,2026-08-18,Compact A,C,Paint,PASS,None,0,2026-08-18T16:00:00
DEMO-00532-1,DEMO-00532,2026-08-18,Compact B,A,Body,PASS,None,0,2026-08-18T16:00:00
DEMO-00091-3,DEMO-00091,2026-08-04,Compact A,A,Final,PASS,None,0,2026-08-04T16:00:00
DEMO-00418-2,DEMO-00418,2026-08-14,Compact B,A,Paint,PASS,None,0,2026-08-14T16:00:00
DEMO-00529-2,DEMO-00529,2026-08-18,Compact A,A,Paint,PASS,None,0,2026-08-18T16:00:00
DEMO-00252-2,DEMO-00252,2026-08-09,Compact B,C,Paint,PASS,None,0,2026-08-09T16:00:00
DEMO-00481-2,DEMO-00481,2026-08-17,Compact A,A,Paint,PASS,None,0,2026-08-17T16:00:00
DEMO-00536-3,DEMO-00536,2026-08-18,Compact B,B,Final,PASS,None,0,2026-08-18T16:00:00
DEMO-00673-2,DEMO-00673,2026-08-23,Compact A,A,Paint,PASS,None,0,2026-08-23T16:00:00
DEMO-00832-2,DEMO-00832,2026-08-28,Compact B,A,Paint,PASS,None,0,2026-08-28T16:00:00
DEMO-00683-1,DEMO-00683,2026-08-23,Compact A,B,Body,PASS,None,0,2026-08-23T16:00:00
DEMO-00292-3,DEMO-00292,2026-08-10,Compact B,A,Final,PASS,None,0,2026-08-10T16:00:00
DEMO-00041-3,DEMO-00041,2026-08-02,Compact A,B,Final,PASS,None,0,2026-08-02T16:00:00
DEMO-00364-2,DEMO-00364,2026-08-13,Compact B,A,Paint,PASS,None,0,2026-08-13T16:00:00
DEMO-00460-2,DEMO-00460,2026-08-16,Compact B,A,Paint,FAIL,Paint finish,37,2026-08-16T16:00:00
DEMO-00627-2,DEMO-00627,2026-08-21,Compact A,C,Paint,PASS,None,0,2026-08-21T16:00:00
DEMO-00651-1,DEMO-00651,2026-08-22,Compact A,C,Body,PASS,None,0,2026-08-22T16:00:00
DEMO-00697-3,DEMO-00697,2026-08-24,Compact A,A,Final,PASS,None,0,2026-08-24T16:00:00
DEMO-00557-3,DEMO-00557,2026-08-19,Compact A,B,Final,PASS,None,0,2026-08-19T16:00:00
DEMO-00797-1,DEMO-00797,2026-08-27,Compact A,B,Body,PASS,None,0,2026-08-27T16:00:00
DEMO-00167-3,DEMO-00167,2026-08-06,Compact A,B,Final,PASS,None,0,2026-08-06T16:00:00
DEMO-00385-1,DEMO-00385,2026-08-13,Compact A,A,Body,PASS,None,0,2026-08-13T16:00:00
DEMO-00410-1,DEMO-00410,2026-08-14,Compact B,B,Body,PASS,None,0,2026-08-14T16:00:00
DEMO-00776-1,DEMO-00776,2026-08-26,Compact B,B,Body,PASS,None,0,2026-08-26T16:00:00
DEMO-00101-2,DEMO-00101,2026-08-04,Compact A,B,Paint,PASS,None,0,2026-08-04T16:00:00
DEMO-00525-1,DEMO-00525,2026-08-18,Compact A,C,Body,PASS,None,0,2026-08-18T16:00:00
DEMO-00686-2,DEMO-00686,2026-08-23,Compact B,B,Paint,PASS,None,0,2026-08-23T16:00:00
DEMO-00787-1,DEMO-00787,2026-08-27,Compact A,A,Body,PASS,None,0,2026-08-27T16:00:00
DEMO-00308-2,DEMO-00308,2026-08-11,Compact B,B,Paint,PASS,None,0,2026-08-11T16:00:00
DEMO-00389-3,DEMO-00389,2026-08-13,Compact A,B,Final,PASS,None,0,2026-08-13T16:00:00
DEMO-00565-3,DEMO-00565,2026-08-19,Compact A,A,Final,PASS,None,0,2026-08-19T16:00:00
DEMO-00408-1,DEMO-00408,2026-08-14,Compact B,C,Body,PASS,None,0,2026-08-14T16:00:00
DEMO-00057-2,DEMO-00057,2026-08-02,Compact A,C,Paint,FAIL,Paint finish,8,2026-08-02T16:00:00
DEMO-00005-2,DEMO-00005,2026-08-01,Compact A,B,Paint,PASS,None,0,2026-08-01T16:00:00
DEMO-00568-3,DEMO-00568,2026-08-19,Compact B,A,Final,PASS,None,0,2026-08-19T16:00:00
DEMO-00709-2,DEMO-00709,2026-08-24,Compact A,A,Paint,PASS,None,0,2026-08-24T16:00:00
DEMO-00694-2,DEMO-00694,2026-08-24,Compact B,A,Paint,PASS,None,0,2026-08-24T16:00:00
DEMO-00431-2,DEMO-00431,2026-08-15,Compact A,B,Paint,PASS,None,0,2026-08-15T16:00:00
DEMO-00401-3,DEMO-00401,2026-08-14,Compact A,B,Final,PASS,None,0,2026-08-14T16:00:00
DEMO-00368-1,DEMO-00368,2026-08-13,Compact B,B,Body,PASS,None,0,2026-08-13T16:00:00
DEMO-00616-3,DEMO-00616,2026-08-21,Compact B,A,Final,PASS,None,0,2026-08-21T16:00:00
DEMO-00380-3,DEMO-00380,2026-08-13,Compact B,B,Final,FAIL,Fit and finish,24,2026-08-13T16:00:00
DEMO-00249-3,DEMO-00249,2026-08-09,Compact A,C,Final,PASS,None,0,2026-08-09T16:00:00
DEMO-00071-3,DEMO-00071,2026-08-03,Compact A,B,Final,FAIL,Function check,29,2026-08-03T16:00:00
DEMO-00246-3,DEMO-00246,2026-08-09,Compact B,C,Final,PASS,None,0,2026-08-09T16:00:00
DEMO-00594-2,DEMO-00594,2026-08-20,Compact B,C,Paint,PASS,None,0,2026-08-20T16:00:00
DEMO-00076-3,DEMO-00076,2026-08-03,Compact B,A,Final,PASS,None,0,2026-08-03T16:00:00
DEMO-00568-1,DEMO-00568,2026-08-19,Compact B,A,Body,PASS,None,0,2026-08-19T16:00:00
DEMO-00273-2,DEMO-00273,2026-08-10,Compact A,C,Paint,FAIL,Surface inclusion,18,2026-08-10T16:00:00
DEMO-00059-1,DEMO-00059,2026-08-02,Compact A,B,Body,FAIL,Panel gap,18,2026-08-02T16:00:00
DEMO-00225-3,DEMO-00225,2026-08-08,Compact A,C,Final,PASS,None,0,2026-08-08T16:00:00
DEMO-00134-3,DEMO-00134,2026-08-05,Compact B,B,Final,PASS,None,0,2026-08-05T16:00:00
DEMO-00217-2,DEMO-00217,2026-08-08,Compact A,A,Paint,PASS,None,0,2026-08-08T16:00:00
DEMO-00377-3,DEMO-00377,2026-08-13,Compact A,B,Final,PASS,None,0,2026-08-13T16:00:00
DEMO-00057-1,DEMO-00057,2026-08-02,Compact A,C,Body,PASS,None,0,2026-08-02T16:00:00
DEMO-00816-3,DEMO-00816,2026-08-28,Compact B,C,Final,PASS,None,0,2026-08-28T16:00:00
DEMO-00523-1,DEMO-00523,2026-08-18,Compact A,A,Body,PASS,None,0,2026-08-18T16:00:00
DEMO-00538-3,DEMO-00538,2026-08-18,Compact B,A,Final,PASS,None,0,2026-08-18T16:00:00
DEMO-00535-1,DEMO-00535,2026-08-18,Compact A,A,Body,PASS,None,0,2026-08-18T16:00:00
DEMO-00690-2,DEMO-00690,2026-08-23,Compact B,C,Paint,PASS,None,0,2026-08-23T16:00:00
DEMO-00462-1,DEMO-00462,2026-08-16,Compact B,C,Body,PASS,None,0,2026-08-16T16:00:00
DEMO-00083-1,DEMO-00083,2026-08-03,Compact A,B,Body,PASS,None,0,2026-08-03T16:00:00
DEMO-00609-3,DEMO-00609,2026-08-21,Compact A,C,Final,PASS,None,0,2026-08-21T16:00:00
DEMO-00244-3,DEMO-00244,2026-08-09,Compact B,A,Final,PASS,None,0,2026-08-09T16:00:00
DEMO-00180-1,DEMO-00180,2026-08-06,Compact B,C,Body,PASS,None,0,2026-08-06T16:00:00
DEMO-00036-1,DEMO-00036,2026-08-02,Compact B,C,Body,PASS,None,0,2026-08-02T16:00:00
DEMO-00112-3,DEMO-00112,2026-08-04,Compact B,A,Final,FAIL,Function check,11,2026-08-04T16:00:00
DEMO-00522-3,DEMO-00522,2026-08-18,Compact B,C,Final,PASS,None,0,2026-08-18T16:00:00
DEMO-00669-2,DEMO-00669,2026-08-23,Compact A,C,Paint,PASS,None,0,2026-08-23T16:00:00
DEMO-00810-1,DEMO-00810,2026-08-27,Compact B,C,Body,PASS,None,0,2026-08-27T16:00:00
DEMO-00830-2,DEMO-00830,2026-08-28,Compact B,B,Paint,PASS,None,0,2026-08-28T16:00:00
DEMO-00077-3,DEMO-00077,2026-08-03,Compact A,B,Final,PASS,None,0,2026-08-03T16:00:00
DEMO-00423-3,DEMO-00423,2026-08-15,Compact A,C,Final,PASS,None,0,2026-08-15T16:00:00
DEMO-00508-3,DEMO-00508,2026-08-17,Compact B,A,Final,PASS,None,0,2026-08-17T16:00:00
DEMO-00242-2,DEMO-00242,2026-08-09,Compact B,B,Paint,PASS,None,0,2026-08-09T16:00:00
DEMO-00493-3,DEMO-00493,2026-08-17,Compact A,A,Final,PASS,None,0,2026-08-17T16:00:00
DEMO-00432-3,DEMO-00432,2026-08-15,Compact B,C,Final,PASS,None,0,2026-08-15T16:00:00
DEMO-00149-2,DEMO-00149,2026-08-05,Compact A,B,Paint,FAIL,Paint finish,19,2026-08-05T16:00:00
DEMO-00783-2,DEMO-00783,2026-08-27,Compact A,C,Paint,PASS,None,0,2026-08-27T16:00:00
DEMO-00747-1,DEMO-00747,2026-08-25,Compact A,C,Body,PASS,None,0,2026-08-25T16:00:00
DEMO-00558-1,DEMO-00558,2026-08-19,Compact B,C,Body,PASS,None,0,2026-08-19T16:00:00
DEMO-00840-1,DEMO-00840,2026-08-28,Compact B,C,Body,PASS,None,0,2026-08-28T16:00:00
DEMO-00453-2,DEMO-00453,2026-08-16,Compact A,C,Paint,PASS,None,0,2026-08-16T16:00:00
DEMO-00682-1,DEMO-00682,2026-08-23,Compact B,A,Body,PASS,None,0,2026-08-23T16:00:00
DEMO-00442-3,DEMO-00442,2026-08-15,Compact B,A,Final,PASS,None,0,2026-08-15T16:00:00
DEMO-00224-3,DEMO-00224,2026-08-08,Compact B,B,Final,PASS,None,0,2026-08-08T16:00:00
DEMO-00394-1,DEMO-00394,2026-08-14,Compact B,A,Body,PASS,None,0,2026-08-14T16:00:00
DEMO-00399-2,DEMO-00399,2026-08-14,Compact A,C,Paint,FAIL,Paint finish,28,2026-08-14T16:00:00
DEMO-00697-2,DEMO-00697,2026-08-24,Compact A,A,Paint,PASS,None,0,2026-08-24T16:00:00
DEMO-00163-3,DEMO-00163,2026-08-06,Compact A,A,Final,PASS,None,0,2026-08-06T16:00:00
DEMO-00054-3,DEMO-00054,2026-08-02,Compact B,C,Final,PASS,None,0,2026-08-02T16:00:00
DEMO-00346-3,DEMO-00346,2026-08-12,Compact B,A,Final,PASS,None,0,2026-08-12T16:00:00
DEMO-00602-1,DEMO-00602,2026-08-21,Compact B,B,Body,PASS,None,0,2026-08-21T16:00:00
DEMO-00464-3,DEMO-00464,2026-08-16,Compact B,B,Final,PASS,None,0,2026-08-16T16:00:00
DEMO-00042-1,DEMO-00042,2026-08-02,Compact B,C,Body,PASS,None,0,2026-08-02T16:00:00
DEMO-00021-2,DEMO-00021,2026-08-01,Compact A,C,Paint,PASS,None,0,2026-08-01T16:00:00
DEMO-00589-3,DEMO-00589,2026-08-20,Compact A,A,Final,PASS,None,0,2026-08-20T16:00:00
DEMO-00467-2,DEMO-00467,2026-08-16,Compact A,B,Paint,FAIL,Surface inclusion,47,2026-08-16T16:00:00
DEMO-00020-1,DEMO-00020,2026-08-01,Compact B,B,Body,PASS,None,0,2026-08-01T16:00:00
DEMO-00373-1,DEMO-00373,2026-08-13,Compact A,A,Body,PASS,None,0,2026-08-13T16:00:00
DEMO-00153-3,DEMO-00153,2026-08-06,Compact A,C,Final,PASS,None,0,2026-08-06T16:00:00
DEMO-00490-2,DEMO-00490,2026-08-17,Compact B,A,Paint,PASS,None,0,2026-08-17T16:00:00
DEMO-00827-1,DEMO-00827,2026-08-28,Compact A,B,Body,PASS,None,0,2026-08-28T16:00:00
DEMO-00710-2,DEMO-00710,2026-08-24,Compact B,B,Paint,PASS,None,0,2026-08-24T16:00:00
DEMO-00293-1,DEMO-00293,2026-08-10,Compact A,B,Body,FAIL,Panel gap,35,2026-08-10T16:00:00
DEMO-00252-3,DEMO-00252,2026-08-09,Compact B,C,Final,PASS,None,0,2026-08-09T16:00:00
DEMO-00695-2,DEMO-00695,2026-08-24,Compact A,B,Paint,PASS,None,0,2026-08-24T16:00:00
DEMO-00575-3,DEMO-00575,2026-08-20,Compact A,B,Final,PASS,None,0,2026-08-20T16:00:00
DEMO-00626-1,DEMO-00626,2026-08-21,Compact B,B,Body,PASS,None,0,2026-08-21T16:00:00
DEMO-00563-1,DEMO-00563,2026-08-19,Compact A,B,Body,PASS,None,0,2026-08-19T16:00:00
DEMO-00335-3,DEMO-00335,2026-08-12,Compact A,B,Final,PASS,None,0,2026-08-12T16:00:00
DEMO-00285-1,DEMO-00285,2026-08-10,Compact A,C,Body,PASS,None,0,2026-08-10T16:00:00
DEMO-00410-3,DEMO-00410,2026-08-14,Compact B,B,Final,PASS,None,0,2026-08-14T16:00:00
DEMO-00328-3,DEMO-00328,2026-08-11,Compact B,A,Final,PASS,None,0,2026-08-11T16:00:00
DEMO-00497-3,DEMO-00497,2026-08-17,Compact A,B,Final,PASS,None,0,2026-08-17T16:00:00
DEMO-00427-3,DEMO-00427,2026-08-15,Compact A,A,Final,PASS,None,0,2026-08-15T16:00:00
DEMO-00394-3,DEMO-00394,2026-08-14,Compact B,A,Final,PASS,None,0,2026-08-14T16:00:00
DEMO-00553-3,DEMO-00553,2026-08-19,Compact A,A,Final,PASS,None,0,2026-08-19T16:00:00
DEMO-00778-2,DEMO-00778,2026-08-26,Compact B,A,Paint,PASS,None,0,2026-08-26T16:00:00
DEMO-00215-2,DEMO-00215,2026-08-08,Compact A,B,Paint,PASS,None,0,2026-08-08T16:00:00
DEMO-00342-2,DEMO-00342,2026-08-12,Compact B,C,Paint,PASS,None,0,2026-08-12T16:00:00
DEMO-00517-1,DEMO-00517,2026-08-18,Compact A,A,Body,PASS,None,0,2026-08-18T16:00:00
DEMO-00142-1,DEMO-00142,2026-08-05,Compact B,A,Body,FAIL,Panel gap,47,2026-08-05T16:00:00
DEMO-00302-1,DEMO-00302,2026-08-11,Compact B,B,Body,PASS,None,0,2026-08-11T16:00:00
DEMO-00524-3,DEMO-00524,2026-08-18,Compact B,B,Final,PASS,None,0,2026-08-18T16:00:00
DEMO-00765-3,DEMO-00765,2026-08-26,Compact A,C,Final,PASS,None,0,2026-08-26T16:00:00
DEMO-00624-2,DEMO-00624,2026-08-21,Compact B,C,Paint,FAIL,Paint finish,39,2026-08-21T16:00:00
DEMO-00445-3,DEMO-00445,2026-08-15,Compact A,A,Final,PASS,None,0,2026-08-15T16:00:00
DEMO-00614-2,DEMO-00614,2026-08-21,Compact B,B,Paint,PASS,None,0,2026-08-21T16:00:00
DEMO-00090-1,DEMO-00090,2026-08-03,Compact B,C,Body,FAIL,Panel gap,14,2026-08-03T16:00:00
DEMO-00623-3,DEMO-00623,2026-08-21,Compact A,B,Final,PASS,None,0,2026-08-21T16:00:00
DEMO-00220-2,DEMO-00220,2026-08-08,Compact B,A,Paint,PASS,None,0,2026-08-08T16:00:00
DEMO-00705-1,DEMO-00705,2026-08-24,Compact A,C,Body,PASS,None,0,2026-08-24T16:00:00
DEMO-00097-3,DEMO-00097,2026-08-04,Compact A,A,Final,PASS,None,0,2026-08-04T16:00:00
DEMO-00532-3,DEMO-00532,2026-08-18,Compact B,A,Final,PASS,None,0,2026-08-18T16:00:00
DEMO-00530-2,DEMO-00530,2026-08-18,Compact B,B,Paint,PASS,None,0,2026-08-18T16:00:00
DEMO-00678-1,DEMO-00678,2026-08-23,Compact B,C,Body,PASS,None,0,2026-08-23T16:00:00
DEMO-00629-2,DEMO-00629,2026-08-21,Compact A,B,Paint,PASS,None,0,2026-08-21T16:00:00
DEMO-00171-3,DEMO-00171,2026-08-06,Compact A,C,Final,PASS,None,0,2026-08-06T16:00:00
DEMO-00137-1,DEMO-00137,2026-08-05,Compact A,B,Body,FAIL,Weld appearance,14,2026-08-05T16:00:00
DEMO-00368-2,DEMO-00368,2026-08-13,Compact B,B,Paint,PASS,None,0,2026-08-13T16:00:00
DEMO-00382-3,DEMO-00382,2026-08-13,Compact B,A,Final,PASS,None,0,2026-08-13T16:00:00
DEMO-00317-3,DEMO-00317,2026-08-11,Compact A,B,Final,PASS,None,0,2026-08-11T16:00:00
DEMO-00834-2,DEMO-00834,2026-08-28,Compact B,C,Paint,FAIL,Paint finish,29,2026-08-28T16:00:00
DEMO-00367-2,DEMO-00367,2026-08-13,Compact A,A,Paint,PASS,None,0,2026-08-13T16:00:00
DEMO-00589-2,DEMO-00589,2026-08-20,Compact A,A,Paint,PASS,None,0,2026-08-20T16:00:00
DEMO-00780-2,DEMO-00780,2026-08-26,Compact B,C,Paint,PASS,None,0,2026-08-26T16:00:00
DEMO-00706-3,DEMO-00706,2026-08-24,Compact B,A,Final,FAIL,Function check,14,2026-08-24T16:00:00
DEMO-00063-2,DEMO-00063,2026-08-03,Compact A,C,Paint,PASS,None,0,2026-08-03T16:00:00
DEMO-00383-1,DEMO-00383,2026-08-13,Compact A,B,Body,PASS,None,0,2026-08-13T16:00:00
DEMO-00494-2,DEMO-00494,2026-08-17,Compact B,B,Paint,PASS,None,0,2026-08-17T16:00:00
DEMO-00720-2,DEMO-00720,2026-08-24,Compact B,C,Paint,PASS,None,0,2026-08-24T16:00:00
DEMO-00205-3,DEMO-00205,2026-08-07,Compact A,A,Final,FAIL,Fit and finish,28,2026-08-07T16:00:00
DEMO-00478-1,DEMO-00478,2026-08-16,Compact B,A,Body,PASS,None,0,2026-08-16T16:00:00
DEMO-00658-3,DEMO-00658,2026-08-22,Compact B,A,Final,PASS,None,0,2026-08-22T16:00:00
DEMO-00468-3,DEMO-00468,2026-08-16,Compact B,C,Final,FAIL,Function check,28,2026-08-16T16:00:00
DEMO-00288-1,DEMO-00288,2026-08-10,Compact B,C,Body,PASS,None,0,2026-08-10T16:00:00
DEMO-00092-1,DEMO-00092,2026-08-04,Compact B,B,Body,PASS,None,0,2026-08-04T16:00:00
DEMO-00632-2,DEMO-00632,2026-08-22,Compact B,B,Paint,PASS,None,0,2026-08-22T16:00:00
DEMO-00478-3,DEMO-00478,2026-08-16,Compact B,A,Final,PASS,None,0,2026-08-16T16:00:00
DEMO-00137-3,DEMO-00137,2026-08-05,Compact A,B,Final,PASS,None,0,2026-08-05T16:00:00
DEMO-00412-2,DEMO-00412,2026-08-14,Compact B,A,Paint,PASS,None,0,2026-08-14T16:00:00
DEMO-00767-2,DEMO-00767,2026-08-26,Compact A,B,Paint,PASS,None,0,2026-08-26T16:00:00
DEMO-00598-1,DEMO-00598,2026-08-20,Compact B,A,Body,PASS,None,0,2026-08-20T16:00:00
DEMO-00182-1,DEMO-00182,2026-08-07,Compact B,B,Body,PASS,None,0,2026-08-07T16:00:00
DEMO-00192-1,DEMO-00192,2026-08-07,Compact B,C,Body,PASS,None,0,2026-08-07T16:00:00
DEMO-00814-3,DEMO-00814,2026-08-28,Compact B,A,Final,PASS,None,0,2026-08-28T16:00:00
DEMO-00168-3,DEMO-00168,2026-08-06,Compact B,C,Final,PASS,None,0,2026-08-06T16:00:00
DEMO-00260-1,DEMO-00260,2026-08-09,Compact B,B,Body,PASS,None,0,2026-08-09T16:00:00
DEMO-00470-2,DEMO-00470,2026-08-16,Compact B,B,Paint,PASS,None,0,2026-08-16T16:00:00
DEMO-00655-1,DEMO-00655,2026-08-22,Compact A,A,Body,PASS,None,0,2026-08-22T16:00:00
DEMO-00081-3,DEMO-00081,2026-08-03,Compact A,C,Final,PASS,None,0,2026-08-03T16:00:00
DEMO-00355-3,DEMO-00355,2026-08-12,Compact A,A,Final,FAIL,Function check,31,2026-08-12T16:00:00
DEMO-00029-2,DEMO-00029,2026-08-01,Compact A,B,Paint,PASS,None,0,2026-08-01T16:00:00
DEMO-00345-2,DEMO-00345,2026-08-12,Compact A,C,Paint,PASS,None,0,2026-08-12T16:00:00
DEMO-00220-1,DEMO-00220,2026-08-08,Compact B,A,Body,PASS,None,0,2026-08-08T16:00:00
DEMO-00300-2,DEMO-00300,2026-08-10,Compact B,C,Paint,PASS,None,0,2026-08-10T16:00:00
DEMO-00598-3,DEMO-00598,2026-08-20,Compact B,A,Final,PASS,None,0,2026-08-20T16:00:00
DEMO-00104-2,DEMO-00104,2026-08-04,Compact B,B,Paint,PASS,None,0,2026-08-04T16:00:00
DEMO-00366-1,DEMO-00366,2026-08-13,Compact B,C,Body,PASS,None,0,2026-08-13T16:00:00
DEMO-00218-1,DEMO-00218,2026-08-08,Compact B,B,Body,PASS,None,0,2026-08-08T16:00:00
DEMO-00297-2,DEMO-00297,2026-08-10,Compact A,C,Paint,PASS,None,0,2026-08-10T16:00:00
DEMO-00580-3,DEMO-00580,2026-08-20,Compact B,A,Final,PASS,None,0,2026-08-20T16:00:00
DEMO-00012-1,DEMO-00012,2026-08-01,Compact B,C,Body,PASS,None,0,2026-08-01T16:00:00
DEMO-00230-2,DEMO-00230,2026-08-08,Compact B,B,Paint,PASS,None,0,2026-08-08T16:00:00
DEMO-00456-2,DEMO-00456,2026-08-16,Compact B,C,Paint,PASS,None,0,2026-08-16T16:00:00
DEMO-00397-2,DEMO-00397,2026-08-14,Compact A,A,Paint,PASS,None,0,2026-08-14T16:00:00
DEMO-00311-2,DEMO-00311,2026-08-11,Compact A,B,Paint,PASS,None,0,2026-08-11T16:00:00
DEMO-00332-3,DEMO-00332,2026-08-12,Compact B,B,Final,PASS,None,0,2026-08-12T16:00:00
DEMO-00370-1,DEMO-00370,2026-08-13,Compact B,A,Body,PASS,None,0,2026-08-13T16:00:00
DEMO-00346-1,DEMO-00346,2026-08-12,Compact B,A,Body,PASS,None,0,2026-08-12T16:00:00
DEMO-00537-1,DEMO-00537,2026-08-18,Compact A,C,Body,PASS,None,0,2026-08-18T16:00:00
DEMO-00163-2,DEMO-00163,2026-08-06,Compact A,A,Paint,PASS,None,0,2026-08-06T16:00:00
DEMO-00304-3,DEMO-00304,2026-08-11,Compact B,A,Final,PASS,None,0,2026-08-11T16:00:00
DEMO-00586-2,DEMO-00586,2026-08-20,Compact B,A,Paint,PASS,None,0,2026-08-20T16:00:00
DEMO-00073-2,DEMO-00073,2026-08-03,Compact A,A,Paint,PASS,None,0,2026-08-03T16:00:00
DEMO-00175-1,DEMO-00175,2026-08-06,Compact A,A,Body,PASS,None,0,2026-08-06T16:00:00
DEMO-00773-3,DEMO-00773,2026-08-26,Compact A,B,Final,PASS,None,0,2026-08-26T16:00:00
DEMO-00540-3,DEMO-00540,2026-08-18,Compact B,C,Final,PASS,None,0,2026-08-18T16:00:00
DEMO-00404-3,DEMO-00404,2026-08-14,Compact B,B,Final,PASS,None,0,2026-08-14T16:00:00
DEMO-00043-3,DEMO-00043,2026-08-02,Compact A,A,Final,PASS,None,0,2026-08-02T16:00:00
DEMO-00569-3,DEMO-00569,2026-08-19,Compact A,B,Final,PASS,None,0,2026-08-19T16:00:00
DEMO-00613-1,DEMO-00613,2026-08-21,Compact A,A,Body,PASS,None,0,2026-08-21T16:00:00
DEMO-00060-1,DEMO-00060,2026-08-02,Compact B,C,Body,PASS,None,0,2026-08-02T16:00:00
DEMO-00150-1,DEMO-00150,2026-08-05,Compact B,C,Body,PASS,None,0,2026-08-05T16:00:00
DEMO-00015-2,DEMO-00015,2026-08-01,Compact A,C,Paint,PASS,None,0,2026-08-01T16:00:00
DEMO-00184-2,DEMO-00184,2026-08-07,Compact B,A,Paint,PASS,None,0,2026-08-07T16:00:00
DEMO-00730-3,DEMO-00730,2026-08-25,Compact B,A,Final,PASS,None,0,2026-08-25T16:00:00
DEMO-00386-3,DEMO-00386,2026-08-13,Compact B,B,Final,PASS,None,0,2026-08-13T16:00:00
DEMO-00747-3,DEMO-00747,2026-08-25,Compact A,C,Final,PASS,None,0,2026-08-25T16:00:00
DEMO-00424-1,DEMO-00424,2026-08-15,Compact B,A,Body,PASS,None,0,2026-08-15T16:00:00
DEMO-00056-3,DEMO-00056,2026-08-02,Compact B,B,Final,PASS,None,0,2026-08-02T16:00:00
DEMO-00157-3,DEMO-00157,2026-08-06,Compact A,A,Final,PASS,None,0,2026-08-06T16:00:00
DEMO-00598-2,DEMO-00598,2026-08-20,Compact B,A,Paint,PASS,None,0,2026-08-20T16:00:00
DEMO-00771-1,DEMO-00771,2026-08-26,Compact A,C,Body,PASS,None,0,2026-08-26T16:00:00
DEMO-00006-2,DEMO-00006,2026-08-01,Compact B,C,Paint,PASS,None,0,2026-08-01T16:00:00
DEMO-00818-3,DEMO-00818,2026-08-28,Compact B,B,Final,PASS,None,0,2026-08-28T16:00:00
DEMO-00341-3,DEMO-00341,2026-08-12,Compact A,B,Final,PASS,None,0,2026-08-12T16:00:00
DEMO-00613-2,DEMO-00613,2026-08-21,Compact A,A,Paint,PASS,None,0,2026-08-21T16:00:00
DEMO-00284-3,DEMO-00284,2026-08-10,Compact B,B,Final,PASS,None,0,2026-08-10T16:00:00
DEMO-00100-2,DEMO-00100,2026-08-04,Compact B,A,Paint,PASS,None,0,2026-08-04T16:00:00
DEMO-00803-3,DEMO-00803,2026-08-27,Compact A,B,Final,FAIL,Function check,12,2026-08-27T16:00:00
DEMO-00832-1,DEMO-00832,2026-08-28,Compact B,A,Body,PASS,None,0,2026-08-28T16:00:00
DEMO-00416-2,DEMO-00416,2026-08-14,Compact B,B,Paint,PASS,None,0,2026-08-14T16:00:00
DEMO-00399-3,DEMO-00399,2026-08-14,Compact A,C,Final,PASS,None,0,2026-08-14T16:00:00
DEMO-00400-2,DEMO-00400,2026-08-14,Compact B,A,Paint,PASS,None,0,2026-08-14T16:00:00
DEMO-00221-2,DEMO-00221,2026-08-08,Compact A,B,Paint,PASS,None,0,2026-08-08T16:00:00
DEMO-00567-2,DEMO-00567,2026-08-19,Compact A,C,Paint,PASS,None,0,2026-08-19T16:00:00
DEMO-00257-1,DEMO-00257,2026-08-09,Compact A,B,Body,PASS,None,0,2026-08-09T16:00:00
DEMO-00376-3,DEMO-00376,2026-08-13,Compact B,A,Final,PASS,None,0,2026-08-13T16:00:00
DEMO-00644-1,DEMO-00644,2026-08-22,Compact B,B,Body,PASS,None,0,2026-08-22T16:00:00
DEMO-00353-1,DEMO-00353,2026-08-12,Compact A,B,Body,PASS,None,0,2026-08-12T16:00:00
DEMO-00202-3,DEMO-00202,2026-08-07,Compact B,A,Final,FAIL,Fit and finish,13,2026-08-07T16:00:00
DEMO-00591-1,DEMO-00591,2026-08-20,Compact A,C,Body,FAIL,Weld appearance,31,2026-08-20T16:00:00
DEMO-00162-2,DEMO-00162,2026-08-06,Compact B,C,Paint,PASS,None,0,2026-08-06T16:00:00
DEMO-00770-3,DEMO-00770,2026-08-26,Compact B,B,Final,PASS,None,0,2026-08-26T16:00:00
DEMO-00240-3,DEMO-00240,2026-08-08,Compact B,C,Final,PASS,None,0,2026-08-08T16:00:00
DEMO-00121-3,DEMO-00121,2026-08-05,Compact A,A,Final,PASS,None,0,2026-08-05T16:00:00
DEMO-00168-1,DEMO-00168,2026-08-06,Compact B,C,Body,FAIL,Panel gap,42,2026-08-06T16:00:00
DEMO-00690-1,DEMO-00690,2026-08-23,Compact B,C,Body,PASS,None,0,2026-08-23T16:00:00
DEMO-00813-3,DEMO-00813,2026-08-28,Compact A,C,Final,PASS,None,0,2026-08-28T16:00:00
DEMO-00125-2,DEMO-00125,2026-08-05,Compact A,B,Paint,PASS,None,0,2026-08-05T16:00:00
DEMO-00396-1,DEMO-00396,2026-08-14,Compact B,C,Body,PASS,None,0,2026-08-14T16:00:00
DEMO-00104-3,DEMO-00104,2026-08-04,Compact B,B,Final,PASS,None,0,2026-08-04T16:00:00
DEMO-00129-1,DEMO-00129,2026-08-05,Compact A,C,Body,PASS,None,0,2026-08-05T16:00:00
DEMO-00181-1,DEMO-00181,2026-08-07,Compact A,A,Body,PASS,None,0,2026-08-07T16:00:00
DEMO-00152-2,DEMO-00152,2026-08-06,Compact B,B,Paint,PASS,None,0,2026-08-06T16:00:00
DEMO-00793-1,DEMO-00793,2026-08-27,Compact A,A,Body,PASS,None,0,2026-08-27T16:00:00
DEMO-00198-1,DEMO-00198,2026-08-07,Compact B,C,Body,PASS,None,0,2026-08-07T16:00:00
DEMO-00763-1,DEMO-00763,2026-08-26,Compact A,A,Body,PASS,None,0,2026-08-26T16:00:00
DEMO-00254-3,DEMO-00254,2026-08-09,Compact B,B,Final,PASS,None,0,2026-08-09T16:00:00
DEMO-00022-3,DEMO-00022,2026-08-01,Compact B,A,Final,PASS,None,0,2026-08-01T16:00:00
DEMO-00314-3,DEMO-00314,2026-08-11,Compact B,B,Final,PASS,None,0,2026-08-11T16:00:00
DEMO-00346-2,DEMO-00346,2026-08-12,Compact B,A,Paint,PASS,None,0,2026-08-12T16:00:00
DEMO-00419-2,DEMO-00419,2026-08-14,Compact A,B,Paint,FAIL,Paint finish,27,2026-08-14T16:00:00
DEMO-00287-1,DEMO-00287,2026-08-10,Compact A,B,Body,PASS,None,0,2026-08-10T16:00:00
DEMO-00744-3,DEMO-00744,2026-08-25,Compact B,C,Final,PASS,None,0,2026-08-25T16:00:00
DEMO-00078-2,DEMO-00078,2026-08-03,Compact B,C,Paint,PASS,None,0,2026-08-03T16:00:00
DEMO-00483-2,DEMO-00483,2026-08-17,Compact A,C,Paint,PASS,None,0,2026-08-17T16:00:00
DEMO-00056-2,DEMO-00056,2026-08-02,Compact B,B,Paint,PASS,None,0,2026-08-02T16:00:00
DEMO-00107-1,DEMO-00107,2026-08-04,Compact A,B,Body,PASS,None,0,2026-08-04T16:00:00
DEMO-00595-1,DEMO-00595,2026-08-20,Compact A,A,Body,PASS,None,0,2026-08-20T16:00:00
DEMO-00196-1,DEMO-00196,2026-08-07,Compact B,A,Body,PASS,None,0,2026-08-07T16:00:00
DEMO-00397-3,DEMO-00397,2026-08-14,Compact A,A,Final,PASS,None,0,2026-08-14T16:00:00
DEMO-00194-1,DEMO-00194,2026-08-07,Compact B,B,Body,PASS,None,0,2026-08-07T16:00:00
DEMO-00151-2,DEMO-00151,2026-08-06,Compact A,A,Paint,PASS,None,0,2026-08-06T16:00:00
DEMO-00485-2,DEMO-00485,2026-08-17,Compact A,B,Paint,PASS,None,0,2026-08-17T16:00:00
DEMO-00245-2,DEMO-00245,2026-08-09,Compact A,B,Paint,PASS,None,0,2026-08-09T16:00:00
DEMO-00461-1,DEMO-00461,2026-08-16,Compact A,B,Body,PASS,None,0,2026-08-16T16:00:00
DEMO-00313-2,DEMO-00313,2026-08-11,Compact A,A,Paint,PASS,None,0,2026-08-11T16:00:00
DEMO-00570-3,DEMO-00570,2026-08-19,Compact B,C,Final,PASS,None,0,2026-08-19T16:00:00
DEMO-00019-2,DEMO-00019,2026-08-01,Compact A,A,Paint,PASS,None,0,2026-08-01T16:00:00
DEMO-00398-3,DEMO-00398,2026-08-14,Compact B,B,Final,PASS,None,0,2026-08-14T16:00:00
DEMO-00575-1,DEMO-00575,2026-08-20,Compact A,B,Body,PASS,None,0,2026-08-20T16:00:00
DEMO-00602-2,DEMO-00602,2026-08-21,Compact B,B,Paint,FAIL,Surface inclusion,8,2026-08-21T16:00:00
DEMO-00122-1,DEMO-00122,2026-08-05,Compact B,B,Body,FAIL,Weld appearance,35,2026-08-05T16:00:00
DEMO-00417-3,DEMO-00417,2026-08-14,Compact A,C,Final,FAIL,Fit and finish,50,2026-08-14T16:00:00
DEMO-00493-1,DEMO-00493,2026-08-17,Compact A,A,Body,PASS,None,0,2026-08-17T16:00:00
DEMO-00636-1,DEMO-00636,2026-08-22,Compact B,C,Body,PASS,None,0,2026-08-22T16:00:00
DEMO-00437-1,DEMO-00437,2026-08-15,Compact A,B,Body,PASS,None,0,2026-08-15T16:00:00
DEMO-00550-3,DEMO-00550,2026-08-19,Compact B,A,Final,FAIL,Function check,14,2026-08-19T16:00:00
DEMO-00741-3,DEMO-00741,2026-08-25,Compact A,C,Final,PASS,None,0,2026-08-25T16:00:00
DEMO-00325-1,DEMO-00325,2026-08-11,Compact A,A,Body,PASS,None,0,2026-08-11T16:00:00
DEMO-00721-2,DEMO-00721,2026-08-25,Compact A,A,Paint,PASS,None,0,2026-08-25T16:00:00
DEMO-00721-1,DEMO-00721,2026-08-25,Compact A,A,Body,PASS,None,0,2026-08-25T16:00:00
DEMO-00413-2,DEMO-00413,2026-08-14,Compact A,B,Paint,PASS,None,0,2026-08-14T16:00:00
DEMO-00323-2,DEMO-00323,2026-08-11,Compact A,B,Paint,PASS,None,0,2026-08-11T16:00:00
DEMO-00675-3,DEMO-00675,2026-08-23,Compact A,C,Final,PASS,None,0,2026-08-23T16:00:00
DEMO-00736-3,DEMO-00736,2026-08-25,Compact B,A,Final,PASS,None,0,2026-08-25T16:00:00
DEMO-00625-3,DEMO-00625,2026-08-21,Compact A,A,Final,PASS,None,0,2026-08-21T16:00:00
DEMO-00049-3,DEMO-00049,2026-08-02,Compact A,A,Final,PASS,None,0,2026-08-02T16:00:00
DEMO-00303-1,DEMO-00303,2026-08-11,Compact A,C,Body,PASS,None,0,2026-08-11T16:00:00
DEMO-00110-1,DEMO-00110,2026-08-04,Compact B,B,Body,PASS,None,0,2026-08-04T16:00:00
DEMO-00295-1,DEMO-00295,2026-08-10,Compact A,A,Body,PASS,None,0,2026-08-10T16:00:00
DEMO-00268-3,DEMO-00268,2026-08-09,Compact B,A,Final,PASS,None,0,2026-08-09T16:00:00
DEMO-00716-3,DEMO-00716,2026-08-24,Compact B,B,Final,PASS,None,0,2026-08-24T16:00:00
DEMO-00817-3,DEMO-00817,2026-08-28,Compact A,A,Final,PASS,None,0,2026-08-28T16:00:00
DEMO-00326-1,DEMO-00326,2026-08-11,Compact B,B,Body,FAIL,Panel gap,47,2026-08-11T16:00:00
DEMO-00236-3,DEMO-00236,2026-08-08,Compact B,B,Final,PASS,None,0,2026-08-08T16:00:00
DEMO-00706-2,DEMO-00706,2026-08-24,Compact B,A,Paint,PASS,None,0,2026-08-24T16:00:00
DEMO-00783-3,DEMO-00783,2026-08-27,Compact A,C,Final,PASS,None,0,2026-08-27T16:00:00
DEMO-00493-2,DEMO-00493,2026-08-17,Compact A,A,Paint,PASS,None,0,2026-08-17T16:00:00
DEMO-00829-1,DEMO-00829,2026-08-28,Compact A,A,Body,PASS,None,0,2026-08-28T16:00:00
DEMO-00260-3,DEMO-00260,2026-08-09,Compact B,B,Final,PASS,None,0,2026-08-09T16:00:00
DEMO-00647-3,DEMO-00647,2026-08-22,Compact A,B,Final,PASS,None,0,2026-08-22T16:00:00
DEMO-00711-1,DEMO-00711,2026-08-24,Compact A,C,Body,PASS,None,0,2026-08-24T16:00:00
DEMO-00488-3,DEMO-00488,2026-08-17,Compact B,B,Final,PASS,None,0,2026-08-17T16:00:00
DEMO-00418-3,DEMO-00418,2026-08-14,Compact B,A,Final,PASS,None,0,2026-08-14T16:00:00
DEMO-00727-1,DEMO-00727,2026-08-25,Compact A,A,Body,PASS,None,0,2026-08-25T16:00:00
DEMO-00105-2,DEMO-00105,2026-08-04,Compact A,C,Paint,PASS,None,0,2026-08-04T16:00:00
DEMO-00822-3,DEMO-00822,2026-08-28,Compact B,C,Final,PASS,None,0,2026-08-28T16:00:00
DEMO-00324-2,DEMO-00324,2026-08-11,Compact B,C,Paint,PASS,None,0,2026-08-11T16:00:00
DEMO-00738-3,DEMO-00738,2026-08-25,Compact B,C,Final,PASS,None,0,2026-08-25T16:00:00
DEMO-00405-2,DEMO-00405,2026-08-14,Compact A,C,Paint,PASS,None,0,2026-08-14T16:00:00
DEMO-00102-2,DEMO-00102,2026-08-04,Compact B,C,Paint,FAIL,Surface inclusion,33,2026-08-04T16:00:00
DEMO-00349-2,DEMO-00349,2026-08-12,Compact A,A,Paint,PASS,None,0,2026-08-12T16:00:00
DEMO-00068-1,DEMO-00068,2026-08-03,Compact B,B,Body,PASS,None,0,2026-08-03T16:00:00
DEMO-00342-1,DEMO-00342,2026-08-12,Compact B,C,Body,FAIL,Weld appearance,31,2026-08-12T16:00:00
DEMO-00599-3,DEMO-00599,2026-08-20,Compact A,B,Final,PASS,None,0,2026-08-20T16:00:00
DEMO-00578-1,DEMO-00578,2026-08-20,Compact B,B,Body,PASS,None,0,2026-08-20T16:00:00
DEMO-00637-2,DEMO-00637,2026-08-22,Compact A,A,Paint,PASS,None,0,2026-08-22T16:00:00
DEMO-00085-3,DEMO-00085,2026-08-03,Compact A,A,Final,PASS,None,0,2026-08-03T16:00:00
DEMO-00265-3,DEMO-00265,2026-08-09,Compact A,A,Final,FAIL,Function check,8,2026-08-09T16:00:00
DEMO-00174-3,DEMO-00174,2026-08-06,Compact B,C,Final,PASS,None,0,2026-08-06T16:00:00
DEMO-00522-2,DEMO-00522,2026-08-18,Compact B,C,Paint,FAIL,Paint finish,12,2026-08-18T16:00:00
DEMO-00553-2,DEMO-00553,2026-08-19,Compact A,A,Paint,FAIL,Surface inclusion,24,2026-08-19T16:00:00
DEMO-00529-1,DEMO-00529,2026-08-18,Compact A,A,Body,PASS,None,0,2026-08-18T16:00:00
DEMO-00452-2,DEMO-00452,2026-08-16,Compact B,B,Paint,PASS,None,0,2026-08-16T16:00:00
DEMO-00735-2,DEMO-00735,2026-08-25,Compact A,C,Paint,PASS,None,0,2026-08-25T16:00:00
DEMO-00098-3,DEMO-00098,2026-08-04,Compact B,B,Final,PASS,None,0,2026-08-04T16:00:00
DEMO-00662-1,DEMO-00662,2026-08-23,Compact B,B,Body,PASS,None,0,2026-08-23T16:00:00
DEMO-00216-1,DEMO-00216,2026-08-08,Compact B,C,Body,PASS,None,0,2026-08-08T16:00:00
DEMO-00689-1,DEMO-00689,2026-08-23,Compact A,B,Body,PASS,None,0,2026-08-23T16:00:00
DEMO-00210-3,DEMO-00210,2026-08-07,Compact B,C,Final,PASS,None,0,2026-08-07T16:00:00
DEMO-00312-2,DEMO-00312,2026-08-11,Compact B,C,Paint,PASS,None,0,2026-08-11T16:00:00
DEMO-00544-1,DEMO-00544,2026-08-19,Compact B,A,Body,PASS,None,0,2026-08-19T16:00:00
DEMO-00749-3,DEMO-00749,2026-08-25,Compact A,B,Final,PASS,None,0,2026-08-25T16:00:00
DEMO-00070-2,DEMO-00070,2026-08-03,Compact B,A,Paint,FAIL,Paint finish,35,2026-08-03T16:00:00
DEMO-00776-2,DEMO-00776,2026-08-26,Compact B,B,Paint,PASS,None,0,2026-08-26T16:00:00
DEMO-00335-1,DEMO-00335,2026-08-12,Compact A,B,Body,PASS,None,0,2026-08-12T16:00:00
DEMO-00353-2,DEMO-00353,2026-08-12,Compact A,B,Paint,PASS,None,0,2026-08-12T16:00:00
DEMO-00291-2,DEMO-00291,2026-08-10,Compact A,C,Paint,PASS,None,0,2026-08-10T16:00:00
DEMO-00237-3,DEMO-00237,2026-08-08,Compact A,C,Final,PASS,None,0,2026-08-08T16:00:00
DEMO-00241-3,DEMO-00241,2026-08-09,Compact A,A,Final,PASS,None,0,2026-08-09T16:00:00
DEMO-00474-3,DEMO-00474,2026-08-16,Compact B,C,Final,PASS,None,0,2026-08-16T16:00:00
DEMO-00799-2,DEMO-00799,2026-08-27,Compact A,A,Paint,PASS,None,0,2026-08-27T16:00:00
DEMO-00484-3,DEMO-00484,2026-08-17,Compact B,A,Final,PASS,None,0,2026-08-17T16:00:00
DEMO-00176-1,DEMO-00176,2026-08-06,Compact B,B,Body,PASS,None,0,2026-08-06T16:00:00
DEMO-00176-2,DEMO-00176,2026-08-06,Compact B,B,Paint,FAIL,Paint finish,46,2026-08-06T16:00:00
DEMO-00109-2,DEMO-00109,2026-08-04,Compact A,A,Paint,PASS,None,0,2026-08-04T16:00:00
DEMO-00815-3,DEMO-00815,2026-08-28,Compact A,B,Final,PASS,None,0,2026-08-28T16:00:00
DEMO-00615-1,DEMO-00615,2026-08-21,Compact A,C,Body,PASS,None,0,2026-08-21T16:00:00
DEMO-00140-3,DEMO-00140,2026-08-05,Compact B,B,Final,FAIL,Function check,38,2026-08-05T16:00:00
DEMO-00825-3,DEMO-00825,2026-08-28,Compact A,C,Final,PASS,None,0,2026-08-28T16:00:00
DEMO-00170-3,DEMO-00170,2026-08-06,Compact B,B,Final,PASS,None,0,2026-08-06T16:00:00
DEMO-00638-2,DEMO-00638,2026-08-22,Compact B,B,Paint,FAIL,Paint finish,15,2026-08-22T16:00:00
DEMO-00443-1,DEMO-00443,2026-08-15,Compact A,B,Body,PASS,None,0,2026-08-15T16:00:00
DEMO-00214-1,DEMO-00214,2026-08-08,Compact B,A,Body,PASS,None,0,2026-08-08T16:00:00
DEMO-00110-2,DEMO-00110,2026-08-04,Compact B,B,Paint,PASS,None,0,2026-08-04T16:00:00
DEMO-00124-2,DEMO-00124,2026-08-05,Compact B,A,Paint,PASS,None,0,2026-08-05T16:00:00
DEMO-00170-1,DEMO-00170,2026-08-06,Compact B,B,Body,FAIL,Weld appearance,50,2026-08-06T16:00:00
DEMO-00621-3,DEMO-00621,2026-08-21,Compact A,C,Final,FAIL,Function check,33,2026-08-21T16:00:00
DEMO-00713-2,DEMO-00713,2026-08-24,Compact A,B,Paint,PASS,None,0,2026-08-24T16:00:00
DEMO-00652-1,DEMO-00652,2026-08-22,Compact B,A,Body,PASS,None,0,2026-08-22T16:00:00
DEMO-00812-3,DEMO-00812,2026-08-28,Compact B,B,Final,PASS,None,0,2026-08-28T16:00:00
DEMO-00352-2,DEMO-00352,2026-08-12,Compact B,A,Paint,PASS,None,0,2026-08-12T16:00:00
DEMO-00517-2,DEMO-00517,2026-08-18,Compact A,A,Paint,PASS,None,0,2026-08-18T16:00:00
DEMO-00230-3,DEMO-00230,2026-08-08,Compact B,B,Final,PASS,None,0,2026-08-08T16:00:00
DEMO-00638-3,DEMO-00638,2026-08-22,Compact B,B,Final,PASS,None,0,2026-08-22T16:00:00
DEMO-00306-1,DEMO-00306,2026-08-11,Compact B,C,Body,PASS,None,0,2026-08-11T16:00:00
DEMO-00707-2,DEMO-00707,2026-08-24,Compact A,B,Paint,PASS,None,0,2026-08-24T16:00:00
DEMO-00507-1,DEMO-00507,2026-08-17,Compact A,C,Body,PASS,None,0,2026-08-17T16:00:00
DEMO-00618-3,DEMO-00618,2026-08-21,Compact B,C,Final,PASS,None,0,2026-08-21T16:00:00
DEMO-00046-3,DEMO-00046,2026-08-02,Compact B,A,Final,FAIL,Function check,42,2026-08-02T16:00:00
DEMO-00434-2,DEMO-00434,2026-08-15,Compact B,B,Paint,PASS,None,0,2026-08-15T16:00:00
DEMO-00520-2,DEMO-00520,2026-08-18,Compact B,A,Paint,PASS,None,0,2026-08-18T16:00:00
DEMO-00292-1,DEMO-00292,2026-08-10,Compact B,A,Body,PASS,None,0,2026-08-10T16:00:00
DEMO-00676-3,DEMO-00676,2026-08-23,Compact B,A,Final,PASS,None,0,2026-08-23T16:00:00
DEMO-00743-1,DEMO-00743,2026-08-25,Compact A,B,Body,FAIL,Weld appearance,43,2026-08-25T16:00:00
DEMO-00579-1,DEMO-00579,2026-08-20,Compact A,C,Body,PASS,None,0,2026-08-20T16:00:00
DEMO-00361-3,DEMO-00361,2026-08-13,Compact A,A,Final,PASS,None,0,2026-08-13T16:00:00
DEMO-00116-2,DEMO-00116,2026-08-04,Compact B,B,Paint,FAIL,Surface inclusion,27,2026-08-04T16:00:00
DEMO-00114-1,DEMO-00114,2026-08-04,Compact B,C,Body,PASS,None,0,2026-08-04T16:00:00
DEMO-00180-3,DEMO-00180,2026-08-06,Compact B,C,Final,FAIL,Function check,37,2026-08-06T16:00:00
DEMO-00428-1,DEMO-00428,2026-08-15,Compact B,B,Body,PASS,None,0,2026-08-15T16:00:00
DEMO-00469-1,DEMO-00469,2026-08-16,Compact A,A,Body,FAIL,Weld appearance,8,2026-08-16T16:00:00
DEMO-00568-2,DEMO-00568,2026-08-19,Compact B,A,Paint,PASS,None,0,2026-08-19T16:00:00
DEMO-00581-3,DEMO-00581,2026-08-20,Compact A,B,Final,PASS,None,0,2026-08-20T16:00:00
DEMO-00271-1,DEMO-00271,2026-08-10,Compact A,A,Body,PASS,None,0,2026-08-10T16:00:00
DEMO-00259-1,DEMO-00259,2026-08-09,Compact A,A,Body,PASS,None,0,2026-08-09T16:00:00
DEMO-00479-2,DEMO-00479,2026-08-16,Compact A,B,Paint,PASS,None,0,2026-08-16T16:00:00
DEMO-00049-2,DEMO-00049,2026-08-02,Compact A,A,Paint,PASS,None,0,2026-08-02T16:00:00
DEMO-00820-1,DEMO-00820,2026-08-28,Compact B,A,Body,PASS,None,0,2026-08-28T16:00:00
DEMO-00698-2,DEMO-00698,2026-08-24,Compact B,B,Paint,PASS,None,0,2026-08-24T16:00:00
DEMO-00097-2,DEMO-00097,2026-08-04,Compact A,A,Paint,FAIL,Paint finish,20,2026-08-04T16:00:00
DEMO-00743-3,DEMO-00743,2026-08-25,Compact A,B,Final,FAIL,Function check,24,2026-08-25T16:00:00
DEMO-00158-3,DEMO-00158,2026-08-06,Compact B,B,Final,PASS,None,0,2026-08-06T16:00:00
DEMO-00016-2,DEMO-00016,2026-08-01,Compact B,A,Paint,FAIL,Paint finish,44,2026-08-01T16:00:00
DEMO-00449-1,DEMO-00449,2026-08-15,Compact A,B,Body,PASS,None,0,2026-08-15T16:00:00
DEMO-00305-3,DEMO-00305,2026-08-11,Compact A,B,Final,PASS,None,0,2026-08-11T16:00:00
DEMO-00357-3,DEMO-00357,2026-08-12,Compact A,C,Final,PASS,None,0,2026-08-12T16:00:00
DEMO-00549-1,DEMO-00549,2026-08-19,Compact A,C,Body,PASS,None,0,2026-08-19T16:00:00
DEMO-00441-3,DEMO-00441,2026-08-15,Compact A,C,Final,PASS,None,0,2026-08-15T16:00:00
DEMO-00584-2,DEMO-00584,2026-08-20,Compact B,B,Paint,PASS,None,0,2026-08-20T16:00:00
DEMO-00267-3,DEMO-00267,2026-08-09,Compact A,C,Final,PASS,None,0,2026-08-09T16:00:00
DEMO-00781-2,DEMO-00781,2026-08-27,Compact A,A,Paint,PASS,None,0,2026-08-27T16:00:00
DEMO-00762-1,DEMO-00762,2026-08-26,Compact B,C,Body,PASS,None,0,2026-08-26T16:00:00
DEMO-00290-1,DEMO-00290,2026-08-10,Compact B,B,Body,PASS,None,0,2026-08-10T16:00:00
DEMO-00820-2,DEMO-00820,2026-08-28,Compact B,A,Paint,PASS,None,0,2026-08-28T16:00:00
DEMO-00062-3,DEMO-00062,2026-08-03,Compact B,B,Final,PASS,None,0,2026-08-03T16:00:00
DEMO-00430-2,DEMO-00430,2026-08-15,Compact B,A,Paint,PASS,None,0,2026-08-15T16:00:00
DEMO-00745-3,DEMO-00745,2026-08-25,Compact A,A,Final,PASS,None,0,2026-08-25T16:00:00
DEMO-00369-2,DEMO-00369,2026-08-13,Compact A,C,Paint,PASS,None,0,2026-08-13T16:00:00
DEMO-00118-3,DEMO-00118,2026-08-04,Compact B,A,Final,PASS,None,0,2026-08-04T16:00:00
DEMO-00109-3,DEMO-00109,2026-08-04,Compact A,A,Final,PASS,None,0,2026-08-04T16:00:00
DEMO-00684-3,DEMO-00684,2026-08-23,Compact B,C,Final,FAIL,Fit and finish,18,2026-08-23T16:00:00
DEMO-00651-2,DEMO-00651,2026-08-22,Compact A,C,Paint,FAIL,Paint finish,36,2026-08-22T16:00:00
DEMO-00359-2,DEMO-00359,2026-08-12,Compact A,B,Paint,PASS,None,0,2026-08-12T16:00:00
DEMO-00232-3,DEMO-00232,2026-08-08,Compact B,A,Final,PASS,None,0,2026-08-08T16:00:00
DEMO-00171-2,DEMO-00171,2026-08-06,Compact A,C,Paint,FAIL,Paint finish,40,2026-08-06T16:00:00
DEMO-00334-2,DEMO-00334,2026-08-12,Compact B,A,Paint,PASS,None,0,2026-08-12T16:00:00
DEMO-00271-2,DEMO-00271,2026-08-10,Compact A,A,Paint,PASS,None,0,2026-08-10T16:00:00
DEMO-00030-2,DEMO-00030,2026-08-01,Compact B,C,Paint,PASS,None,0,2026-08-01T08:00:00
DEMO-00604-2,DEMO-00604,2026-08-21,Compact B,A,Paint,PASS,None,0,2026-08-21T16:00:00
DEMO-00409-1,DEMO-00409,2026-08-14,Compact A,A,Body,PASS,None,0,2026-08-14T16:00:00
DEMO-00358-3,DEMO-00358,2026-08-12,Compact B,A,Final,PASS,None,0,2026-08-12T16:00:00
DEMO-00539-1,DEMO-00539,2026-08-18,Compact A,B,Body,PASS,None,0,2026-08-18T16:00:00
DEMO-00490-3,DEMO-00490,2026-08-17,Compact B,A,Final,PASS,None,0,2026-08-17T16:00:00
DEMO-00644-2,DEMO-00644,2026-08-22,Compact B,B,Paint,PASS,None,0,2026-08-22T16:00:00
DEMO-00313-3,DEMO-00313,2026-08-11,Compact A,A,Final,PASS,None,0,2026-08-11T16:00:00
DEMO-00316-3,DEMO-00316,2026-08-11,Compact B,A,Final,PASS,None,0,2026-08-11T16:00:00
DEMO-00633-1,DEMO-00633,2026-08-22,Compact A,C,Body,PASS,None,0,2026-08-22T16:00:00
DEMO-00617-1,DEMO-00617,2026-08-21,Compact A,B,Body,PASS,None,0,2026-08-21T16:00:00
DEMO-00258-3,DEMO-00258,2026-08-09,Compact B,C,Final,FAIL,Fit and finish,44,2026-08-09T16:00:00
DEMO-00483-1,DEMO-00483,2026-08-17,Compact A,C,Body,PASS,None,0,2026-08-17T16:00:00
DEMO-00249-1,DEMO-00249,2026-08-09,Compact A,C,Body,PASS,None,0,2026-08-09T16:00:00
DEMO-00507-3,DEMO-00507,2026-08-17,Compact A,C,Final,PASS,None,0,2026-08-17T16:00:00
DEMO-00833-2,DEMO-00833,2026-08-28,Compact A,B,Paint,PASS,None,0,2026-08-28T16:00:00
DEMO-00098-1,DEMO-00098,2026-08-04,Compact B,B,Body,PASS,None,0,2026-08-04T16:00:00
DEMO-00459-3,DEMO-00459,2026-08-16,Compact A,C,Final,PASS,None,0,2026-08-16T16:00:00
DEMO-00258-2,DEMO-00258,2026-08-09,Compact B,C,Paint,PASS,None,0,2026-08-09T16:00:00
DEMO-00658-1,DEMO-00658,2026-08-22,Compact B,A,Body,PASS,None,0,2026-08-22T16:00:00
DEMO-00146-2,DEMO-00146,2026-08-05,Compact B,B,Paint,PASS,None,0,2026-08-05T16:00:00
DEMO-00119-2,DEMO-00119,2026-08-04,Compact A,B,Paint,PASS,None,0,2026-08-04T16:00:00
DEMO-00074-1,DEMO-00074,2026-08-03,Compact B,B,Body,PASS,None,0,2026-08-03T16:00:00
DEMO-00515-3,DEMO-00515,2026-08-18,Compact A,B,Final,PASS,None,0,2026-08-18T16:00:00
DEMO-00753-2,DEMO-00753,2026-08-26,Compact A,C,Paint,PASS,None,0,2026-08-26T16:00:00
DEMO-00122-2,DEMO-00122,2026-08-05,Compact B,B,Paint,PASS,None,0,2026-08-05T16:00:00
DEMO-00451-3,DEMO-00451,2026-08-16,Compact A,A,Final,PASS,None,0,2026-08-16T16:00:00
DEMO-00234-2,DEMO-00234,2026-08-08,Compact B,C,Paint,PASS,None,0,2026-08-08T16:00:00
DEMO-00708-3,DEMO-00708,2026-08-24,Compact B,C,Final,PASS,None,0,2026-08-24T16:00:00
DEMO-00028-3,DEMO-00028,2026-08-01,Compact B,A,Final,PASS,None,0,2026-08-01T16:00:00
DEMO-00267-2,DEMO-00267,2026-08-09,Compact A,C,Paint,PASS,None,0,2026-08-09T16:00:00
DEMO-00642-2,DEMO-00642,2026-08-22,Compact B,C,Paint,PASS,None,0,2026-08-22T16:00:00
DEMO-00437-2,DEMO-00437,2026-08-15,Compact A,B,Paint,PASS,None,0,2026-08-15T16:00:00
DEMO-00806-3,DEMO-00806,2026-08-27,Compact B,B,Final,PASS,None,0,2026-08-27T16:00:00
DEMO-00531-3,DEMO-00531,2026-08-18,Compact A,C,Final,FAIL,Fit and finish,44,2026-08-18T16:00:00
DEMO-00148-1,DEMO-00148,2026-08-05,Compact B,A,Body,PASS,None,0,2026-08-05T16:00:00
DEMO-00656-1,DEMO-00656,2026-08-22,Compact B,B,Body,PASS,None,0,2026-08-22T16:00:00
DEMO-00752-2,DEMO-00752,2026-08-26,Compact B,B,Paint,PASS,None,0,2026-08-26T16:00:00
DEMO-00440-2,DEMO-00440,2026-08-15,Compact B,B,Paint,PASS,None,0,2026-08-15T16:00:00
DEMO-00121-1,DEMO-00121,2026-08-05,Compact A,A,Body,PASS,None,0,2026-08-05T16:00:00
DEMO-00424-2,DEMO-00424,2026-08-15,Compact B,A,Paint,FAIL,Surface inclusion,31,2026-08-15T16:00:00
DEMO-00229-3,DEMO-00229,2026-08-08,Compact A,A,Final,PASS,None,0,2026-08-08T16:00:00
DEMO-00272-1,DEMO-00272,2026-08-10,Compact B,B,Body,PASS,None,0,2026-08-10T16:00:00
DEMO-00198-2,DEMO-00198,2026-08-07,Compact B,C,Paint,PASS,None,0,2026-08-07T16:00:00
DEMO-00564-2,DEMO-00564,2026-08-19,Compact B,C,Paint,PASS,None,0,2026-08-19T16:00:00
DEMO-00209-3,DEMO-00209,2026-08-07,Compact A,B,Final,PASS,None,0,2026-08-07T16:00:00
DEMO-00119-1,DEMO-00119,2026-08-04,Compact A,B,Body,PASS,None,0,2026-08-04T16:00:00
DEMO-00577-2,DEMO-00577,2026-08-20,Compact A,A,Paint,PASS,None,0,2026-08-20T16:00:00
DEMO-00386-1,DEMO-00386,2026-08-13,Compact B,B,Body,PASS,None,0,2026-08-13T16:00:00
DEMO-00003-2,DEMO-00003,2026-08-01,Compact A,C,Paint,PASS,None,0,2026-08-01T08:00:00
DEMO-00623-2,DEMO-00623,2026-08-21,Compact A,B,Paint,PASS,None,0,2026-08-21T16:00:00
DEMO-00283-1,DEMO-00283,2026-08-10,Compact A,A,Body,PASS,None,0,2026-08-10T16:00:00
DEMO-00188-1,DEMO-00188,2026-08-07,Compact B,B,Body,FAIL,Panel gap,48,2026-08-07T16:00:00
DEMO-00603-1,DEMO-00603,2026-08-21,Compact A,C,Body,PASS,None,0,2026-08-21T16:00:00
DEMO-00798-2,DEMO-00798,2026-08-27,Compact B,C,Paint,PASS,None,0,2026-08-27T16:00:00
DEMO-00081-1,DEMO-00081,2026-08-03,Compact A,C,Body,PASS,None,0,2026-08-03T16:00:00
DEMO-00666-3,DEMO-00666,2026-08-23,Compact B,C,Final,PASS,None,0,2026-08-23T16:00:00
DEMO-00807-1,DEMO-00807,2026-08-27,Compact A,C,Body,PASS,None,0,2026-08-27T16:00:00
DEMO-00586-1,DEMO-00586,2026-08-20,Compact B,A,Body,PASS,None,0,2026-08-20T16:00:00
DEMO-00273-1,DEMO-00273,2026-08-10,Compact A,C,Body,PASS,None,0,2026-08-10T16:00:00
DEMO-00193-1,DEMO-00193,2026-08-07,Compact A,A,Body,PASS,None,0,2026-08-07T16:00:00
DEMO-00487-2,DEMO-00487,2026-08-17,Compact A,A,Paint,PASS,None,0,2026-08-17T16:00:00
DEMO-00788-3,DEMO-00788,2026-08-27,Compact B,B,Final,PASS,None,0,2026-08-27T16:00:00
DEMO-00724-2,DEMO-00724,2026-08-25,Compact B,A,Paint,FAIL,Paint finish,25,2026-08-25T16:00:00
DEMO-00514-1,DEMO-00514,2026-08-18,Compact B,A,Body,PASS,None,0,2026-08-18T16:00:00
DEMO-00694-3,DEMO-00694,2026-08-24,Compact B,A,Final,PASS,None,0,2026-08-24T16:00:00
DEMO-00312-3,DEMO-00312,2026-08-11,Compact B,C,Final,FAIL,Fit and finish,23,2026-08-11T16:00:00
DEMO-00528-1,DEMO-00528,2026-08-18,Compact B,C,Body,FAIL,Weld appearance,49,2026-08-18T16:00:00
DEMO-00160-1,DEMO-00160,2026-08-06,Compact B,A,Body,FAIL,Panel gap,10,2026-08-06T16:00:00
DEMO-00763-2,DEMO-00763,2026-08-26,Compact A,A,Paint,PASS,None,0,2026-08-26T16:00:00
DEMO-00205-1,DEMO-00205,2026-08-07,Compact A,A,Body,PASS,None,0,2026-08-07T16:00:00
DEMO-00749-1,DEMO-00749,2026-08-25,Compact A,B,Body,PASS,None,0,2026-08-25T16:00:00
DEMO-00421-1,DEMO-00421,2026-08-15,Compact A,A,Body,PASS,None,0,2026-08-15T16:00:00
DEMO-00657-3,DEMO-00657,2026-08-22,Compact A,C,Final,PASS,None,0,2026-08-22T16:00:00
DEMO-00454-2,DEMO-00454,2026-08-16,Compact B,A,Paint,PASS,None,0,2026-08-16T16:00:00
DEMO-00649-3,DEMO-00649,2026-08-22,Compact A,A,Final,PASS,None,0,2026-08-22T16:00:00
DEMO-00039-1,DEMO-00039,2026-08-02,Compact A,C,Body,PASS,None,0,2026-08-02T16:00:00
DEMO-00537-2,DEMO-00537,2026-08-18,Compact A,C,Paint,PASS,None,0,2026-08-18T16:00:00
DEMO-00468-1,DEMO-00468,2026-08-16,Compact B,C,Body,PASS,None,0,2026-08-16T16:00:00
DEMO-00624-3,DEMO-00624,2026-08-21,Compact B,C,Final,PASS,None,0,2026-08-21T16:00:00
DEMO-00530-1,DEMO-00530,2026-08-18,Compact B,B,Body,PASS,None,0,2026-08-18T16:00:00
DEMO-00240-1,DEMO-00240,2026-08-08,Compact B,C,Body,PASS,None,0,2026-08-08T16:00:00
DEMO-00008-3,DEMO-00008,2026-08-01,Compact B,B, final , pass ,None,0,2026-08-01T16:00:00
DEMO-00215-3,DEMO-00215,2026-08-08,Compact A,B,Final,PASS,None,0,2026-08-08T16:00:00
DEMO-00325-2,DEMO-00325,2026-08-11,Compact A,A,Paint,FAIL,Paint finish,16,2026-08-11T16:00:00
DEMO-00777-2,DEMO-00777,2026-08-26,Compact A,C,Paint,FAIL,Paint finish,40,2026-08-26T16:00:00
DEMO-00631-1,DEMO-00631,2026-08-22,Compact A,A,Body,PASS,None,0,2026-08-22T16:00:00
DEMO-00405-1,DEMO-00405,2026-08-14,Compact A,C,Body,PASS,None,0,2026-08-14T16:00:00
DEMO-00737-3,DEMO-00737,2026-08-25,Compact A,B,Final,PASS,None,0,2026-08-25T16:00:00
DEMO-00587-1,DEMO-00587,2026-08-20,Compact A,B,Body,FAIL,Panel gap,8,2026-08-20T16:00:00
DEMO-00206-2,DEMO-00206,2026-08-07,Compact B,B,Paint,PASS,None,0,2026-08-07T16:00:00
DEMO-00663-1,DEMO-00663,2026-08-23,Compact A,C,Body,PASS,None,0,2026-08-23T16:00:00
DEMO-00136-2,DEMO-00136,2026-08-05,Compact B,A,Paint,PASS,None,0,2026-08-05T16:00:00
DEMO-00021-1,DEMO-00021,2026-08-01,Compact A,C,Body,PASS,None,0,2026-08-01T16:00:00
DEMO-00159-1,DEMO-00159,2026-08-06,Compact A,C,Body,PASS,None,0,2026-08-06T16:00:00
DEMO-00285-2,DEMO-00285,2026-08-10,Compact A,C,Paint,PASS,None,0,2026-08-10T16:00:00
DEMO-00166-3,DEMO-00166,2026-08-06,Compact B,A,Final,PASS,None,0,2026-08-06T16:00:00
DEMO-00030-1,DEMO-00030,2026-08-01,Compact B,C,Body,PASS,None,0,2026-08-01T08:00:00
DEMO-00106-2,DEMO-00106,2026-08-04,Compact B,A,Paint,FAIL,Paint finish,25,2026-08-04T16:00:00
DEMO-00051-2,DEMO-00051,2026-08-02,Compact A,C,Paint,PASS,None,0,2026-08-02T16:00:00
DEMO-00242-3,DEMO-00242,2026-08-09,Compact B,B,Final,PASS,None,0,2026-08-09T16:00:00
DEMO-00348-1,DEMO-00348,2026-08-12,Compact B,C,Body,PASS,None,0,2026-08-12T16:00:00
DEMO-00628-2,DEMO-00628,2026-08-21,Compact B,A,Paint,PASS,None,0,2026-08-21T16:00:00
DEMO-00177-1,DEMO-00177,2026-08-06,Compact A,C,Body,PASS,None,0,2026-08-06T16:00:00
DEMO-00339-1,DEMO-00339,2026-08-12,Compact A,C,Body,PASS,None,0,2026-08-12T16:00:00
DEMO-00238-2,DEMO-00238,2026-08-08,Compact B,A,Paint,PASS,None,0,2026-08-08T16:00:00
DEMO-00827-2,DEMO-00827,2026-08-28,Compact A,B,Paint,PASS,None,0,2026-08-28T16:00:00
DEMO-00654-2,DEMO-00654,2026-08-22,Compact B,C,Paint,PASS,None,0,2026-08-22T16:00:00
DEMO-00714-2,DEMO-00714,2026-08-24,Compact B,C,Paint,PASS,None,0,2026-08-24T16:00:00
DEMO-00661-1,DEMO-00661,2026-08-23,Compact A,A,Body,PASS,None,0,2026-08-23T16:00:00
DEMO-00208-3,DEMO-00208,2026-08-07,Compact B,A,Final,FAIL,Fit and finish,46,2026-08-07T16:00:00
DEMO-00068-2,DEMO-00068,2026-08-03,Compact B,B,Paint,PASS,None,0,2026-08-03T16:00:00
DEMO-00578-2,DEMO-00578,2026-08-20,Compact B,B,Paint,PASS,None,0,2026-08-20T16:00:00
DEMO-00719-1,DEMO-00719,2026-08-24,Compact A,B,Body,PASS,None,0,2026-08-24T16:00:00
DEMO-00003-1,DEMO-00003,2026-08-01,Compact A,C,Body,PASS,None,0,2026-08-01T08:00:00
DEMO-00402-3,DEMO-00402,2026-08-14,Compact B,C,Final,PASS,None,0,2026-08-14T16:00:00
DEMO-00067-3,DEMO-00067,2026-08-03,Compact A,A,Final,FAIL,Function check,34,2026-08-03T16:00:00
DEMO-00514-2,DEMO-00514,2026-08-18,Compact B,A,Paint,PASS,None,0,2026-08-18T16:00:00
DEMO-00436-1,DEMO-00436,2026-08-15,Compact B,A,Body,PASS,None,0,2026-08-15T16:00:00
DEMO-00108-1,DEMO-00108,2026-08-04,Compact B,C,Body,PASS,None,0,2026-08-04T16:00:00
DEMO-00098-2,DEMO-00098,2026-08-04,Compact B,B,Paint,PASS,None,0,2026-08-04T16:00:00
DEMO-00111-3,DEMO-00111,2026-08-04,Compact A,C,Final,PASS,None,0,2026-08-04T16:00:00
DEMO-00065-2,DEMO-00065,2026-08-03,Compact A,B,Paint,PASS,None,0,2026-08-03T16:00:00
DEMO-00101-3,DEMO-00101,2026-08-04,Compact A,B,Final,FAIL,Function check,22,2026-08-04T16:00:00
DEMO-00702-3,DEMO-00702,2026-08-24,Compact B,C,Final,PASS,None,0,2026-08-24T16:00:00
DEMO-00650-1,DEMO-00650,2026-08-22,Compact B,B,Body,PASS,None,0,2026-08-22T16:00:00
DEMO-00492-3,DEMO-00492,2026-08-17,Compact B,C,Final,PASS,None,0,2026-08-17T16:00:00
DEMO-00388-1,DEMO-00388,2026-08-13,Compact B,A,Body,PASS,None,0,2026-08-13T16:00:00
DEMO-00016-2,DEMO-00016,2026-08-01,Compact B,A,Paint,PASS,None,0,2026-08-01T08:00:00
DEMO-00446-1,DEMO-00446,2026-08-15,Compact B,B,Body,PASS,None,0,2026-08-15T16:00:00
DEMO-00133-3,DEMO-00133,2026-08-05,Compact A,A,Final,FAIL,Function check,39,2026-08-05T16:00:00
DEMO-00534-2,DEMO-00534,2026-08-18,Compact B,C,Paint,PASS,None,0,2026-08-18T16:00:00
DEMO-00763-3,DEMO-00763,2026-08-26,Compact A,A,Final,PASS,None,0,2026-08-26T16:00:00
DEMO-00512-3,DEMO-00512,2026-08-18,Compact B,B,Final,FAIL,Function check,15,2026-08-18T16:00:00
DEMO-00521-1,DEMO-00521,2026-08-18,Compact A,B,Body,PASS,None,0,2026-08-18T16:00:00
DEMO-00505-3,DEMO-00505,2026-08-17,Compact A,A,Final,PASS,None,0,2026-08-17T16:00:00
DEMO-00302-2,DEMO-00302,2026-08-11,Compact B,B,Paint,PASS,None,0,2026-08-11T16:00:00
DEMO-00450-1,DEMO-00450,2026-08-15,Compact B,C,Body,PASS,None,0,2026-08-15T16:00:00
DEMO-00572-2,DEMO-00572,2026-08-20,Compact B,B,Paint,PASS,None,0,2026-08-20T16:00:00
DEMO-00583-1,DEMO-00583,2026-08-20,Compact A,A,Body,FAIL,Panel gap,45,2026-08-20T16:00:00
DEMO-00411-1,DEMO-00411,2026-08-14,Compact A,C,Body,PASS,None,0,2026-08-14T16:00:00
DEMO-00024-1,DEMO-00024,2026-08-01,Compact B,C,Body,PASS,None,0,2026-08-01T16:00:00
DEMO-00640-2,DEMO-00640,2026-08-22,Compact B,A,Paint,PASS,None,0,2026-08-22T16:00:00
DEMO-00155-2,DEMO-00155,2026-08-06,Compact A,B,Paint,FAIL,Paint finish,15,2026-08-06T16:00:00
DEMO-00782-2,DEMO-00782,2026-08-27,Compact B,B,Paint,PASS,None,0,2026-08-27T16:00:00
DEMO-00371-1,DEMO-00371,2026-08-13,Compact A,B,Body,PASS,None,0,2026-08-13T16:00:00
DEMO-00504-1,DEMO-00504,2026-08-17,Compact B,C,Body,PASS,None,0,2026-08-17T16:00:00
DEMO-00810-2,DEMO-00810,2026-08-27,Compact B,C,Paint,PASS,None,0,2026-08-27T16:00:00
DEMO-00079-2,DEMO-00079,2026-08-03,Compact A,A,Paint,PASS,None,0,2026-08-03T16:00:00
DEMO-00622-3,DEMO-00622,2026-08-21,Compact B,A,Final,FAIL,Function check,16,2026-08-21T16:00:00
DEMO-00501-3,DEMO-00501,2026-08-17,Compact A,C,Final,PASS,None,0,2026-08-17T16:00:00
DEMO-00285-3,DEMO-00285,2026-08-10,Compact A,C,Final,FAIL,Fit and finish,31,2026-08-10T16:00:00
DEMO-00147-1,DEMO-00147,2026-08-05,Compact A,C,Body,PASS,None,0,2026-08-05T16:00:00
DEMO-00772-2,DEMO-00772,2026-08-26,Compact B,A,Paint,FAIL,Paint finish,47,2026-08-26T16:00:00
DEMO-00729-2,DEMO-00729,2026-08-25,Compact A,C,Paint,PASS,None,0,2026-08-25T16:00:00
DEMO-00770-2,DEMO-00770,2026-08-26,Compact B,B,Paint,PASS,None,0,2026-08-26T16:00:00
DEMO-00001-1,DEMO-00001,2026-08-01,Compact A,A,Body,PASS,None,0,2026-08-01T16:00:00
DEMO-00756-3,DEMO-00756,2026-08-26,Compact B,C,Final,PASS,None,0,2026-08-26T16:00:00
DEMO-00808-1,DEMO-00808,2026-08-27,Compact B,A,Body,PASS,None,0,2026-08-27T16:00:00
DEMO-00343-2,DEMO-00343,2026-08-12,Compact A,A,Paint,PASS,None,0,2026-08-12T16:00:00
DEMO-00812-2,DEMO-00812,2026-08-28,Compact B,B,Paint,PASS,None,0,2026-08-28T16:00:00
DEMO-00149-1,DEMO-00149,2026-08-05,Compact A,B,Body,PASS,None,0,2026-08-05T16:00:00
DEMO-00808-3,DEMO-00808,2026-08-27,Compact B,A,Final,PASS,None,0,2026-08-27T16:00:00
DEMO-00415-3,DEMO-00415,2026-08-14,Compact A,A,Final,FAIL,Fit and finish,23,2026-08-14T16:00:00
DEMO-00140-2,DEMO-00140,2026-08-05,Compact B,B,Paint,PASS,None,0,2026-08-05T16:00:00
DEMO-00135-3,DEMO-00135,2026-08-05,Compact A,C,Final,PASS,None,0,2026-08-05T16:00:00
DEMO-00420-1,DEMO-00420,2026-08-14,Compact B,C,Body,PASS,None,0,2026-08-14T16:00:00
DEMO-00828-3,DEMO-00828,2026-08-28,Compact B,C,Final,PASS,None,0,2026-08-28T16:00:00
DEMO-00193-2,DEMO-00193,2026-08-07,Compact A,A,Paint,PASS,None,0,2026-08-07T16:00:00
DEMO-00439-1,DEMO-00439,2026-08-15,Compact A,A,Body,PASS,None,0,2026-08-15T16:00:00
DEMO-00178-1,DEMO-00178,2026-08-06,Compact B,A,Body,PASS,None,0,2026-08-06T16:00:00
DEMO-00029-3,DEMO-00029,2026-08-01,Compact A,B,Final,PASS,None,0,2026-08-01T16:00:00
DEMO-00182-3,DEMO-00182,2026-08-07,Compact B,B,Final,PASS,None,0,2026-08-07T16:00:00
DEMO-00010-1,DEMO-00010,2026-08-01,Compact B,A, body , pass ,None,0,2026-08-01T16:00:00
DEMO-00779-2,DEMO-00779,2026-08-26,Compact A,B,Paint,PASS,None,0,2026-08-26T16:00:00
DEMO-00725-2,DEMO-00725,2026-08-25,Compact A,B,Paint,PASS,None,0,2026-08-25T16:00:00
DEMO-00666-2,DEMO-00666,2026-08-23,Compact B,C,Paint,PASS,None,0,2026-08-23T16:00:00
DEMO-00492-1,DEMO-00492,2026-08-17,Compact B,C,Body,PASS,None,0,2026-08-17T16:00:00
DEMO-00363-2,DEMO-00363,2026-08-13,Compact A,C,Paint,PASS,None,0,2026-08-13T16:00:00
DEMO-00256-1,DEMO-00256,2026-08-09,Compact B,A,Body,FAIL,Weld appearance,42,2026-08-09T16:00:00
DEMO-00301-2,DEMO-00301,2026-08-11,Compact A,A,Paint,PASS,None,0,2026-08-11T16:00:00
DEMO-00032-2,DEMO-00032,2026-08-02,Compact B,B,Paint,PASS,None,0,2026-08-02T16:00:00
DEMO-00703-2,DEMO-00703,2026-08-24,Compact A,A,Paint,PASS,None,0,2026-08-24T16:00:00
DEMO-00088-1,DEMO-00088,2026-08-03,Compact B,A,Body,PASS,None,0,2026-08-03T16:00:00
DEMO-00375-3,DEMO-00375,2026-08-13,Compact A,C,Final,PASS,None,0,2026-08-13T16:00:00
DEMO-00426-2,DEMO-00426,2026-08-15,Compact B,C,Paint,PASS,None,0,2026-08-15T16:00:00
DEMO-00712-3,DEMO-00712,2026-08-24,Compact B,A,Final,PASS,None,0,2026-08-24T16:00:00
DEMO-00016-3,DEMO-00016,2026-08-01,Compact B,A,Final,PASS,None,0,2026-08-01T16:00:00
DEMO-00778-3,DEMO-00778,2026-08-26,Compact B,A,Final,PASS,None,0,2026-08-26T16:00:00
DEMO-00207-1,DEMO-00207,2026-08-07,Compact A,C,Body,PASS,None,0,2026-08-07T16:00:00
DEMO-00316-1,DEMO-00316,2026-08-11,Compact B,A,Body,FAIL,Weld appearance,31,2026-08-11T16:00:00
DEMO-00219-2,DEMO-00219,2026-08-08,Compact A,C,Paint,FAIL,Paint finish,44,2026-08-08T16:00:00
DEMO-00197-2,DEMO-00197,2026-08-07,Compact A,B,Paint,PASS,None,0,2026-08-07T16:00:00
DEMO-00309-2,DEMO-00309,2026-08-11,Compact A,C,Paint,PASS,None,0,2026-08-11T16:00:00
DEMO-00538-1,DEMO-00538,2026-08-18,Compact B,A,Body,PASS,None,0,2026-08-18T16:00:00
DEMO-00639-3,DEMO-00639,2026-08-22,Compact A,C,Final,PASS,None,0,2026-08-22T16:00:00
DEMO-00541-1,DEMO-00541,2026-08-19,Compact A,A,Body,PASS,None,0,2026-08-19T16:00:00
DEMO-00244-2,DEMO-00244,2026-08-09,Compact B,A,Paint,PASS,None,0,2026-08-09T16:00:00
DEMO-00223-3,DEMO-00223,2026-08-08,Compact A,A,Final,PASS,None,0,2026-08-08T16:00:00
DEMO-00405-3,DEMO-00405,2026-08-14,Compact A,C,Final,PASS,None,0,2026-08-14T16:00:00
DEMO-00339-2,DEMO-00339,2026-08-12,Compact A,C,Paint,PASS,None,0,2026-08-12T16:00:00
DEMO-00474-1,DEMO-00474,2026-08-16,Compact B,C,Body,PASS,None,0,2026-08-16T16:00:00
DEMO-00356-3,DEMO-00356,2026-08-12,Compact B,B,Final,PASS,None,0,2026-08-12T16:00:00
DEMO-00571-2,DEMO-00571,2026-08-20,Compact A,A,Paint,PASS,None,0,2026-08-20T16:00:00
DEMO-00023-1,DEMO-00023,2026-08-01,Compact A,B,Body,PASS,None,0,2026-08-01T16:00:00
DEMO-00077-2,DEMO-00077,2026-08-03,Compact A,B,Paint,PASS,None,0,2026-08-03T16:00:00
DEMO-00817-1,DEMO-00817,2026-08-28,Compact A,A,Body,PASS,None,0,2026-08-28T16:00:00
DEMO-00387-3,DEMO-00387,2026-08-13,Compact A,C,Final,PASS,None,0,2026-08-13T16:00:00
DEMO-00610-2,DEMO-00610,2026-08-21,Compact B,A,Paint,FAIL,Paint finish,11,2026-08-21T16:00:00
DEMO-00792-2,DEMO-00792,2026-08-27,Compact B,C,Paint,PASS,None,0,2026-08-27T16:00:00
DEMO-00791-3,DEMO-00791,2026-08-27,Compact A,B,Final,PASS,None,0,2026-08-27T16:00:00
DEMO-00754-2,DEMO-00754,2026-08-26,Compact B,A,Paint,PASS,None,0,2026-08-26T16:00:00
DEMO-00168-2,DEMO-00168,2026-08-06,Compact B,C,Paint,PASS,None,0,2026-08-06T16:00:00
DEMO-00145-2,DEMO-00145,2026-08-05,Compact A,A,Paint,PASS,None,0,2026-08-05T16:00:00
DEMO-00190-1,DEMO-00190,2026-08-07,Compact B,A,Body,FAIL,Panel gap,16,2026-08-07T16:00:00
DEMO-00416-3,DEMO-00416,2026-08-14,Compact B,B,Final,PASS,None,0,2026-08-14T16:00:00
DEMO-00702-2,DEMO-00702,2026-08-24,Compact B,C,Paint,PASS,None,0,2026-08-24T16:00:00
DEMO-00017-3,DEMO-00017,2026-08-01,Compact A,B,Final,PASS,None,0,2026-08-01T16:00:00
DEMO-00764-1,DEMO-00764,2026-08-26,Compact B,B,Body,PASS,None,0,2026-08-26T16:00:00
DEMO-00539-3,DEMO-00539,2026-08-18,Compact A,B,Final,FAIL,Fit and finish,20,2026-08-18T16:00:00
DEMO-00251-2,DEMO-00251,2026-08-09,Compact A,B,Paint,PASS,None,0,2026-08-09T16:00:00
DEMO-00282-3,DEMO-00282,2026-08-10,Compact B,C,Final,PASS,None,0,2026-08-10T16:00:00
DEMO-00018-1,DEMO-00018,2026-08-01,Compact B,C,Body,PASS,None,0,2026-08-01T16:00:00
DEMO-00667-1,DEMO-00667,2026-08-23,Compact A,A,Body,PASS,None,0,2026-08-23T16:00:00
DEMO-00472-2,DEMO-00472,2026-08-16,Compact B,A,Paint,PASS,None,0,2026-08-16T16:00:00
DEMO-00536-1,DEMO-00536,2026-08-18,Compact B,B,Body,PASS,None,0,2026-08-18T16:00:00
DEMO-00238-1,DEMO-00238,2026-08-08,Compact B,A,Body,PASS,None,0,2026-08-08T16:00:00
DEMO-00786-3,DEMO-00786,2026-08-27,Compact B,C,Final,PASS,None,0,2026-08-27T16:00:00
DEMO-00811-1,DEMO-00811,2026-08-28,Compact A,A,Body,PASS,None,0,2026-08-28T16:00:00
DEMO-00696-2,DEMO-00696,2026-08-24,Compact B,C,Paint,PASS,None,0,2026-08-24T16:00:00
DEMO-00360-1,DEMO-00360,2026-08-12,Compact B,C,Body,PASS,None,0,2026-08-12T16:00:00
DEMO-00664-1,DEMO-00664,2026-08-23,Compact B,A,Body,PASS,None,0,2026-08-23T16:00:00
DEMO-00170-2,DEMO-00170,2026-08-06,Compact B,B,Paint,PASS,None,0,2026-08-06T16:00:00
DEMO-00782-1,DEMO-00782,2026-08-27,Compact B,B,Body,PASS,None,0,2026-08-27T16:00:00
DEMO-00300-3,DEMO-00300,2026-08-10,Compact B,C,Final,PASS,None,0,2026-08-10T16:00:00
DEMO-00019-3,DEMO-00019,2026-08-01,Compact A,A,Final,PASS,None,0,2026-08-01T16:00:00
DEMO-00583-2,DEMO-00583,2026-08-20,Compact A,A,Paint,PASS,None,0,2026-08-20T16:00:00
DEMO-00409-3,DEMO-00409,2026-08-14,Compact A,A,Final,FAIL,Function check,36,2026-08-14T16:00:00
DEMO-00123-3,DEMO-00123,2026-08-05,Compact A,C,Final,PASS,None,0,2026-08-05T16:00:00
DEMO-00141-3,DEMO-00141,2026-08-05,Compact A,C,Final,PASS,None,0,2026-08-05T16:00:00
DEMO-00452-3,DEMO-00452,2026-08-16,Compact B,B,Final,PASS,None,0,2026-08-16T16:00:00
DEMO-00631-2,DEMO-00631,2026-08-22,Compact A,A,Paint,PASS,None,0,2026-08-22T16:00:00
DEMO-00594-1,DEMO-00594,2026-08-20,Compact B,C,Body,PASS,None,0,2026-08-20T16:00:00
DEMO-00133-2,DEMO-00133,2026-08-05,Compact A,A,Paint,PASS,None,0,2026-08-05T16:00:00
DEMO-00561-3,DEMO-00561,2026-08-19,Compact A,C,Final,PASS,None,0,2026-08-19T16:00:00
DEMO-00684-1,DEMO-00684,2026-08-23,Compact B,C,Body,PASS,None,0,2026-08-23T16:00:00
DEMO-00101-1,DEMO-00101,2026-08-04,Compact A,B,Body,PASS,None,0,2026-08-04T16:00:00
DEMO-00620-1,DEMO-00620,2026-08-21,Compact B,B,Body,PASS,None,0,2026-08-21T16:00:00
DEMO-00029-1,DEMO-00029,2026-08-01,Compact A,B,Body,FAIL,Weld appearance,41,2026-08-01T16:00:00
DEMO-00679-2,DEMO-00679,2026-08-23,Compact A,A,Paint,PASS,None,0,2026-08-23T16:00:00
DEMO-00047-1,DEMO-00047,2026-08-02,Compact A,B,Body,PASS,None,0,2026-08-02T16:00:00
DEMO-00488-2,DEMO-00488,2026-08-17,Compact B,B,Paint,PASS,None,0,2026-08-17T16:00:00
DEMO-00828-1,DEMO-00828,2026-08-28,Compact B,C,Body,PASS,None,0,2026-08-28T16:00:00
DEMO-00296-3,DEMO-00296,2026-08-10,Compact B,B,Final,PASS,None,0,2026-08-10T16:00:00
DEMO-00391-1,DEMO-00391,2026-08-14,Compact A,A,Body,PASS,None,0,2026-08-14T16:00:00
DEMO-00550-1,DEMO-00550,2026-08-19,Compact B,A,Body,PASS,None,0,2026-08-19T16:00:00
DEMO-00784-1,DEMO-00784,2026-08-27,Compact B,A,Body,PASS,None,0,2026-08-27T16:00:00
DEMO-00021-3,DEMO-00021,2026-08-01,Compact A,C,Final,FAIL,Function check,40,2026-08-01T16:00:00
DEMO-00678-3,DEMO-00678,2026-08-23,Compact B,C,Final,PASS,None,0,2026-08-23T16:00:00
DEMO-00292-2,DEMO-00292,2026-08-10,Compact B,A,Paint,PASS,None,0,2026-08-10T16:00:00
DEMO-00484-2,DEMO-00484,2026-08-17,Compact B,A,Paint,PASS,None,0,2026-08-17T16:00:00
DEMO-00673-3,DEMO-00673,2026-08-23,Compact A,A,Final,PASS,None,0,2026-08-23T16:00:00
DEMO-00475-3,DEMO-00475,2026-08-16,Compact A,A,Final,FAIL,Function check,29,2026-08-16T16:00:00
DEMO-00165-1,DEMO-00165,2026-08-06,Compact A,C,Body,PASS,None,0,2026-08-06T16:00:00
DEMO-00638-1,DEMO-00638,2026-08-22,Compact B,B,Body,PASS,None,0,2026-08-22T16:00:00
DEMO-00766-2,DEMO-00766,2026-08-26,Compact B,A,Paint,FAIL,Paint finish,33,2026-08-26T16:00:00
DEMO-00746-2,DEMO-00746,2026-08-25,Compact B,B,Paint,PASS,None,0,2026-08-25T16:00:00
DEMO-00287-3,DEMO-00287,2026-08-10,Compact A,B,Final,FAIL,Fit and finish,39,2026-08-10T16:00:00
DEMO-00699-2,DEMO-00699,2026-08-24,Compact A,C,Paint,PASS,None,0,2026-08-24T16:00:00
DEMO-00670-1,DEMO-00670,2026-08-23,Compact B,A,Body,FAIL,Weld appearance,19,2026-08-23T16:00:00
DEMO-00055-2,DEMO-00055,2026-08-02,Compact A,A,Paint,PASS,None,0,2026-08-02T16:00:00
DEMO-00634-3,DEMO-00634,2026-08-22,Compact B,A,Final,PASS,None,0,2026-08-22T16:00:00
DEMO-00740-2,DEMO-00740,2026-08-25,Compact B,B,Paint,PASS,None,0,2026-08-25T16:00:00
DEMO-00786-1,DEMO-00786,2026-08-27,Compact B,C,Body,PASS,None,0,2026-08-27T16:00:00
DEMO-00183-1,DEMO-00183,2026-08-07,Compact A,C,Body,PASS,None,0,2026-08-07T16:00:00
DEMO-00312-1,DEMO-00312,2026-08-11,Compact B,C,Body,PASS,None,0,2026-08-11T16:00:00
DEMO-00777-3,DEMO-00777,2026-08-26,Compact A,C,Final,PASS,None,0,2026-08-26T16:00:00
DEMO-00733-2,DEMO-00733,2026-08-25,Compact A,A,Paint,PASS,None,0,2026-08-25T16:00:00
DEMO-00048-3,DEMO-00048,2026-08-02,Compact B,C,Final,PASS,None,0,2026-08-02T16:00:00
DEMO-00839-2,DEMO-00839,2026-08-28,Compact A,B,Paint,PASS,None,0,2026-08-28T16:00:00
DEMO-00089-3,DEMO-00089,2026-08-03,Compact A,B,Final,PASS,None,0,2026-08-03T16:00:00
DEMO-00406-1,DEMO-00406,2026-08-14,Compact B,A,Body,PASS,None,0,2026-08-14T16:00:00
DEMO-00473-1,DEMO-00473,2026-08-16,Compact A,B,Body,PASS,None,0,2026-08-16T16:00:00
DEMO-00466-2,DEMO-00466,2026-08-16,Compact B,A,Paint,PASS,None,0,2026-08-16T16:00:00
DEMO-00569-1,DEMO-00569,2026-08-19,Compact A,B,Body,PASS,None,0,2026-08-19T16:00:00
DEMO-00200-3,DEMO-00200,2026-08-07,Compact B,B,Final,PASS,None,0,2026-08-07T16:00:00
DEMO-00557-2,DEMO-00557,2026-08-19,Compact A,B,Paint,FAIL,Surface inclusion,39,2026-08-19T16:00:00
DEMO-00498-2,DEMO-00498,2026-08-17,Compact B,C,Paint,PASS,None,0,2026-08-17T16:00:00
DEMO-00113-3,DEMO-00113,2026-08-04,Compact A,B,Final,PASS,None,0,2026-08-04T16:00:00
DEMO-00138-3,DEMO-00138,2026-08-05,Compact B,C,Final,PASS,None,0,2026-08-05T16:00:00
DEMO-00641-1,DEMO-00641,2026-08-22,Compact A,B,Body,PASS,None,0,2026-08-22T16:00:00
DEMO-00577-3,DEMO-00577,2026-08-20,Compact A,A,Final,FAIL,Fit and finish,38,2026-08-20T16:00:00
DEMO-00026-1,DEMO-00026,2026-08-01,Compact B,B,Body,PASS,None,0,2026-08-01T16:00:00
DEMO-00294-1,DEMO-00294,2026-08-10,Compact B,C,Body,PASS,None,0,2026-08-10T16:00:00
DEMO-00314-1,DEMO-00314,2026-08-11,Compact B,B,Body,PASS,None,0,2026-08-11T16:00:00
DEMO-00286-1,DEMO-00286,2026-08-10,Compact B,A,Body,PASS,None,0,2026-08-10T16:00:00
DEMO-00202-1,DEMO-00202,2026-08-07,Compact B,A,Body,PASS,None,0,2026-08-07T16:00:00
DEMO-00760-1,DEMO-00760,2026-08-26,Compact B,A,Body,PASS,None,0,2026-08-26T16:00:00
DEMO-00773-1,DEMO-00773,2026-08-26,Compact A,B,Body,PASS,None,0,2026-08-26T16:00:00
DEMO-00538-2,DEMO-00538,2026-08-18,Compact B,A,Paint,PASS,None,0,2026-08-18T16:00:00
DEMO-00444-3,DEMO-00444,2026-08-15,Compact B,C,Final,PASS,None,0,2026-08-15T16:00:00
DEMO-00144-3,DEMO-00144,2026-08-05,Compact B,C,Final,PASS,None,0,2026-08-05T16:00:00
DEMO-00793-2,DEMO-00793,2026-08-27,Compact A,A,Paint,PASS,None,0,2026-08-27T16:00:00
DEMO-00480-3,DEMO-00480,2026-08-16,Compact B,C,Final,PASS,None,0,2026-08-16T16:00:00
DEMO-00819-1,DEMO-00819,2026-08-28,Compact A,C,Body,PASS,None,0,2026-08-28T16:00:00
DEMO-00510-3,DEMO-00510,2026-08-17,Compact B,C,Final,PASS,None,0,2026-08-17T16:00:00
DEMO-00535-2,DEMO-00535,2026-08-18,Compact A,A,Paint,FAIL,Paint finish,36,2026-08-18T16:00:00
DEMO-00521-3,DEMO-00521,2026-08-18,Compact A,B,Final,PASS,None,0,2026-08-18T16:00:00
DEMO-00175-3,DEMO-00175,2026-08-06,Compact A,A,Final,PASS,None,0,2026-08-06T16:00:00
DEMO-00735-1,DEMO-00735,2026-08-25,Compact A,C,Body,PASS,None,0,2026-08-25T16:00:00
DEMO-00819-3,DEMO-00819,2026-08-28,Compact A,C,Final,PASS,None,0,2026-08-28T16:00:00
DEMO-00179-2,DEMO-00179,2026-08-06,Compact A,B,Paint,PASS,None,0,2026-08-06T16:00:00
DEMO-00301-3,DEMO-00301,2026-08-11,Compact A,A,Final,FAIL,Fit and finish,41,2026-08-11T16:00:00
DEMO-00176-3,DEMO-00176,2026-08-06,Compact B,B,Final,PASS,None,0,2026-08-06T16:00:00
DEMO-00149-3,DEMO-00149,2026-08-05,Compact A,B,Final,PASS,None,0,2026-08-05T16:00:00
DEMO-00756-1,DEMO-00756,2026-08-26,Compact B,C,Body,FAIL,Panel gap,12,2026-08-26T16:00:00
DEMO-00668-1,DEMO-00668,2026-08-23,Compact B,B,Body,FAIL,Weld appearance,32,2026-08-23T16:00:00
DEMO-00775-1,DEMO-00775,2026-08-26,Compact A,A,Body,PASS,None,0,2026-08-26T16:00:00
DEMO-00527-3,DEMO-00527,2026-08-18,Compact A,B,Final,PASS,None,0,2026-08-18T16:00:00
DEMO-00708-1,DEMO-00708,2026-08-24,Compact B,C,Body,PASS,None,0,2026-08-24T16:00:00
DEMO-00126-2,DEMO-00126,2026-08-05,Compact B,C,Paint,FAIL,Surface inclusion,47,2026-08-05T16:00:00
DEMO-00663-3,DEMO-00663,2026-08-23,Compact A,C,Final,PASS,None,0,2026-08-23T16:00:00
DEMO-00204-2,DEMO-00204,2026-08-07,Compact B,C,Paint,PASS,None,0,2026-08-07T16:00:00
DEMO-00542-1,DEMO-00542,2026-08-19,Compact B,B,Body,PASS,None,0,2026-08-19T16:00:00
DEMO-00214-3,DEMO-00214,2026-08-08,Compact B,A,Final,PASS,None,0,2026-08-08T16:00:00
DEMO-00764-2,DEMO-00764,2026-08-26,Compact B,B,Paint,FAIL,Surface inclusion,40,2026-08-26T16:00:00
DEMO-00525-3,DEMO-00525,2026-08-18,Compact A,C,Final,PASS,None,0,2026-08-18T16:00:00
DEMO-00015-3,DEMO-00015,2026-08-01,Compact A,C,Final,PASS,None,0,2026-08-01T16:00:00
DEMO-00451-2,DEMO-00451,2026-08-16,Compact A,A,Paint,FAIL,Surface inclusion,31,2026-08-16T16:00:00
DEMO-00090-3,DEMO-00090,2026-08-03,Compact B,C,Final,PASS,None,0,2026-08-03T16:00:00
DEMO-00228-1,DEMO-00228,2026-08-08,Compact B,C,Body,PASS,None,0,2026-08-08T16:00:00
DEMO-00642-3,DEMO-00642,2026-08-22,Compact B,C,Final,PASS,None,0,2026-08-22T16:00:00
DEMO-00174-2,DEMO-00174,2026-08-06,Compact B,C,Paint,PASS,None,0,2026-08-06T16:00:00
DEMO-00728-2,DEMO-00728,2026-08-25,Compact B,B,Paint,PASS,None,0,2026-08-25T16:00:00
DEMO-00698-3,DEMO-00698,2026-08-24,Compact B,B,Final,FAIL,Fit and finish,29,2026-08-24T16:00:00
DEMO-00204-3,DEMO-00204,2026-08-07,Compact B,C,Final,PASS,None,0,2026-08-07T16:00:00
DEMO-00032-1,DEMO-00032,2026-08-02,Compact B,B,Body,PASS,None,0,2026-08-02T16:00:00
DEMO-00025-1,DEMO-00025,2026-08-01,Compact A,A,Body,PASS,None,0,2026-08-01T16:00:00
DEMO-00337-3,DEMO-00337,2026-08-12,Compact A,A,Final,PASS,None,0,2026-08-12T16:00:00
DEMO-00300-1,DEMO-00300,2026-08-10,Compact B,C,Body,FAIL,Weld appearance,23,2026-08-10T16:00:00
DEMO-00090-2,DEMO-00090,2026-08-03,Compact B,C,Paint,PASS,None,0,2026-08-03T16:00:00
DEMO-00556-3,DEMO-00556,2026-08-19,Compact B,A,Final,PASS,None,0,2026-08-19T16:00:00
DEMO-00831-2,DEMO-00831,2026-08-28,Compact A,C,Paint,PASS,None,0,2026-08-28T16:00:00
DEMO-00400-1,DEMO-00400,2026-08-14,Compact B,A,Body,PASS,None,0,2026-08-14T16:00:00
DEMO-00581-1,DEMO-00581,2026-08-20,Compact A,B,Body,PASS,None,0,2026-08-20T16:00:00
DEMO-00401-2,DEMO-00401,2026-08-14,Compact A,B,Paint,FAIL,Surface inclusion,38,2026-08-14T16:00:00
DEMO-00159-3,DEMO-00159,2026-08-06,Compact A,C,Final,PASS,None,0,2026-08-06T16:00:00
DEMO-00388-2,DEMO-00388,2026-08-13,Compact B,A,Paint,PASS,None,0,2026-08-13T16:00:00
DEMO-00447-2,DEMO-00447,2026-08-15,Compact A,C,Paint,PASS,None,0,2026-08-15T16:00:00
DEMO-00505-1,DEMO-00505,2026-08-17,Compact A,A,Body,PASS,None,0,2026-08-17T16:00:00
DEMO-00066-3,DEMO-00066,2026-08-03,Compact B,C,Final,PASS,None,0,2026-08-03T16:00:00
DEMO-00173-1,DEMO-00173,2026-08-06,Compact A,B,Body,PASS,None,0,2026-08-06T16:00:00
DEMO-00607-1,DEMO-00607,2026-08-21,Compact A,A,Body,PASS,None,0,2026-08-21T16:00:00
DEMO-00320-1,DEMO-00320,2026-08-11,Compact B,B,Body,PASS,None,0,2026-08-11T16:00:00
DEMO-00838-3,DEMO-00838,2026-08-28,Compact B,A,Final,PASS,None,0,2026-08-28T16:00:00
DEMO-00647-2,DEMO-00647,2026-08-22,Compact A,B,Paint,PASS,None,0,2026-08-22T16:00:00
DEMO-00117-2,DEMO-00117,2026-08-04,Compact A,C,Paint,PASS,None,0,2026-08-04T16:00:00
DEMO-00832-3,DEMO-00832,2026-08-28,Compact B,A,Final,PASS,None,0,2026-08-28T16:00:00
DEMO-00548-1,DEMO-00548,2026-08-19,Compact B,B,Body,PASS,None,0,2026-08-19T16:00:00
DEMO-00336-1,DEMO-00336,2026-08-12,Compact B,C,Body,PASS,None,0,2026-08-12T16:00:00
DEMO-00111-2,DEMO-00111,2026-08-04,Compact A,C,Paint,PASS,None,0,2026-08-04T16:00:00
DEMO-00428-3,DEMO-00428,2026-08-15,Compact B,B,Final,PASS,None,0,2026-08-15T16:00:00
DEMO-00576-2,DEMO-00576,2026-08-20,Compact B,C,Paint,FAIL,Paint finish,12,2026-08-20T16:00:00
DEMO-00229-2,DEMO-00229,2026-08-08,Compact A,A,Paint,PASS,None,0,2026-08-08T16:00:00
DEMO-00225-1,DEMO-00225,2026-08-08,Compact A,C,Body,FAIL,Panel gap,29,2026-08-08T16:00:00
DEMO-00710-1,DEMO-00710,2026-08-24,Compact B,B,Body,PASS,None,0,2026-08-24T16:00:00
DEMO-00800-3,DEMO-00800,2026-08-27,Compact B,B,Final,PASS,None,0,2026-08-27T16:00:00
DEMO-00211-1,DEMO-00211,2026-08-08,Compact A,A,Body,PASS,None,0,2026-08-08T16:00:00
DEMO-00574-3,DEMO-00574,2026-08-20,Compact B,A,Final,PASS,None,0,2026-08-20T16:00:00
DEMO-00283-2,DEMO-00283,2026-08-10,Compact A,A,Paint,PASS,None,0,2026-08-10T16:00:00
DEMO-00527-2,DEMO-00527,2026-08-18,Compact A,B,Paint,FAIL,Surface inclusion,8,2026-08-18T16:00:00
DEMO-00131-1,DEMO-00131,2026-08-05,Compact A,B,Body,PASS,None,0,2026-08-05T16:00:00
DEMO-00791-2,DEMO-00791,2026-08-27,Compact A,B,Paint,PASS,None,0,2026-08-27T16:00:00
DEMO-00644-3,DEMO-00644,2026-08-22,Compact B,B,Final,PASS,None,0,2026-08-22T16:00:00
DEMO-00188-3,DEMO-00188,2026-08-07,Compact B,B,Final,PASS,None,0,2026-08-07T16:00:00
DEMO-00198-3,DEMO-00198,2026-08-07,Compact B,C,Final,PASS,None,0,2026-08-07T16:00:00
DEMO-00429-2,DEMO-00429,2026-08-15,Compact A,C,Paint,PASS,None,0,2026-08-15T16:00:00
DEMO-00143-2,DEMO-00143,2026-08-05,Compact A,B,Paint,PASS,None,0,2026-08-05T16:00:00
DEMO-00511-2,DEMO-00511,2026-08-18,Compact A,A,Paint,FAIL,Surface inclusion,26,2026-08-18T16:00:00
DEMO-00419-3,DEMO-00419,2026-08-14,Compact A,B,Final,PASS,None,0,2026-08-14T16:00:00
DEMO-00560-3,DEMO-00560,2026-08-19,Compact B,B,Final,PASS,None,0,2026-08-19T16:00:00
DEMO-00674-3,DEMO-00674,2026-08-23,Compact B,B,Final,PASS,None,0,2026-08-23T16:00:00
DEMO-00513-1,DEMO-00513,2026-08-18,Compact A,C,Body,FAIL,Panel gap,17,2026-08-18T16:00:00
DEMO-00740-1,DEMO-00740,2026-08-25,Compact B,B,Body,PASS,None,0,2026-08-25T16:00:00
DEMO-00745-2,DEMO-00745,2026-08-25,Compact A,A,Paint,PASS,None,0,2026-08-25T16:00:00
DEMO-00351-1,DEMO-00351,2026-08-12,Compact A,C,Body,PASS,None,0,2026-08-12T16:00:00
DEMO-00658-2,DEMO-00658,2026-08-22,Compact B,A,Paint,PASS,None,0,2026-08-22T16:00:00
DEMO-00573-2,DEMO-00573,2026-08-20,Compact A,C,Paint,PASS,None,0,2026-08-20T16:00:00
DEMO-00366-3,DEMO-00366,2026-08-13,Compact B,C,Final,PASS,None,0,2026-08-13T16:00:00
DEMO-00435-2,DEMO-00435,2026-08-15,Compact A,C,Paint,PASS,None,0,2026-08-15T16:00:00
DEMO-00160-2,DEMO-00160,2026-08-06,Compact B,A,Paint,PASS,None,0,2026-08-06T16:00:00
DEMO-00839-3,DEMO-00839,2026-08-28,Compact A,B,Final,PASS,None,0,2026-08-28T16:00:00
DEMO-00152-1,DEMO-00152,2026-08-06,Compact B,B,Body,FAIL,Weld appearance,43,2026-08-06T16:00:00
DEMO-00057-3,DEMO-00057,2026-08-02,Compact A,C,Final,FAIL,Function check,41,2026-08-02T16:00:00
DEMO-00387-1,DEMO-00387,2026-08-13,Compact A,C,Body,PASS,None,0,2026-08-13T16:00:00
DEMO-00481-3,DEMO-00481,2026-08-17,Compact A,A,Final,PASS,None,0,2026-08-17T16:00:00
DEMO-00471-2,DEMO-00471,2026-08-16,Compact A,C,Paint,FAIL,Surface inclusion,46,2026-08-16T16:00:00
DEMO-00640-3,DEMO-00640,2026-08-22,Compact B,A,Final,PASS,None,0,2026-08-22T16:00:00
DEMO-00256-2,DEMO-00256,2026-08-09,Compact B,A,Paint,PASS,None,0,2026-08-09T16:00:00
DEMO-00823-2,DEMO-00823,2026-08-28,Compact A,A,Paint,PASS,None,0,2026-08-28T16:00:00
DEMO-00281-3,DEMO-00281,2026-08-10,Compact A,B,Final,PASS,None,0,2026-08-10T16:00:00
DEMO-00506-2,DEMO-00506,2026-08-17,Compact B,B,Paint,PASS,None,0,2026-08-17T16:00:00
DEMO-00648-3,DEMO-00648,2026-08-22,Compact B,C,Final,PASS,None,0,2026-08-22T16:00:00
DEMO-00734-3,DEMO-00734,2026-08-25,Compact B,B,Final,PASS,None,0,2026-08-25T16:00:00
DEMO-00281-1,DEMO-00281,2026-08-10,Compact A,B,Body,PASS,None,0,2026-08-10T16:00:00
DEMO-00160-3,DEMO-00160,2026-08-06,Compact B,A,Final,PASS,None,0,2026-08-06T16:00:00
DEMO-00574-1,DEMO-00574,2026-08-20,Compact B,A,Body,PASS,None,0,2026-08-20T16:00:00
DEMO-00322-2,DEMO-00322,2026-08-11,Compact B,A,Paint,PASS,None,0,2026-08-11T16:00:00
DEMO-00251-3,DEMO-00251,2026-08-09,Compact A,B,Final,PASS,None,0,2026-08-09T16:00:00
DEMO-00769-1,DEMO-00769,2026-08-26,Compact A,A,Body,PASS,None,0,2026-08-26T16:00:00
DEMO-00476-3,DEMO-00476,2026-08-16,Compact B,B,Final,PASS,None,0,2026-08-16T16:00:00
DEMO-00613-3,DEMO-00613,2026-08-21,Compact A,A,Final,PASS,None,0,2026-08-21T16:00:00
DEMO-00802-3,DEMO-00802,2026-08-27,Compact B,A,Final,FAIL,Function check,34,2026-08-27T16:00:00
DEMO-00186-2,DEMO-00186,2026-08-07,Compact B,C,Paint,PASS,None,0,2026-08-07T16:00:00
DEMO-00585-3,DEMO-00585,2026-08-20,Compact A,C,Final,PASS,None,0,2026-08-20T16:00:00
DEMO-00646-3,DEMO-00646,2026-08-22,Compact B,A,Final,PASS,None,0,2026-08-22T16:00:00
DEMO-00118-1,DEMO-00118,2026-08-04,Compact B,A,Body,PASS,None,0,2026-08-04T16:00:00
DEMO-00554-2,DEMO-00554,2026-08-19,Compact B,B,Paint,PASS,None,0,2026-08-19T16:00:00
DEMO-00780-1,DEMO-00780,2026-08-26,Compact B,C,Body,PASS,None,0,2026-08-26T16:00:00
DEMO-00016-1,DEMO-00016,2026-08-01,Compact B,A,Body,PASS,None,0,2026-08-01T16:00:00
DEMO-00803-2,DEMO-00803,2026-08-27,Compact A,B,Paint,PASS,None,0,2026-08-27T16:00:00
DEMO-00605-1,DEMO-00605,2026-08-21,Compact A,B,Body,FAIL,Weld appearance,19,2026-08-21T16:00:00
DEMO-00646-1,DEMO-00646,2026-08-22,Compact B,A,Body,FAIL,Panel gap,37,2026-08-22T16:00:00
DEMO-00347-1,DEMO-00347,2026-08-12,Compact A,B,Body,PASS,None,0,2026-08-12T16:00:00
DEMO-00252-1,DEMO-00252,2026-08-09,Compact B,C,Body,PASS,None,0,2026-08-09T16:00:00
DEMO-00081-2,DEMO-00081,2026-08-03,Compact A,C,Paint,PASS,None,0,2026-08-03T16:00:00
DEMO-00192-2,DEMO-00192,2026-08-07,Compact B,C,Paint,PASS,None,0,2026-08-07T16:00:00
DEMO-00595-3,DEMO-00595,2026-08-20,Compact A,A,Final,PASS,None,0,2026-08-20T16:00:00
DEMO-00269-1,DEMO-00269,2026-08-09,Compact A,B,Body,PASS,None,0,2026-08-09T16:00:00
DEMO-00459-2,DEMO-00459,2026-08-16,Compact A,C,Paint,PASS,None,0,2026-08-16T16:00:00
DEMO-00411-2,DEMO-00411,2026-08-14,Compact A,C,Paint,PASS,None,0,2026-08-14T16:00:00
DEMO-00240-2,DEMO-00240,2026-08-08,Compact B,C,Paint,PASS,None,0,2026-08-08T16:00:00
DEMO-00571-3,DEMO-00571,2026-08-20,Compact A,A,Final,PASS,None,0,2026-08-20T16:00:00
DEMO-00023-2,DEMO-00023,2026-08-01,Compact A,B,Paint,PASS,None,0,2026-08-01T16:00:00
DEMO-00260-2,DEMO-00260,2026-08-09,Compact B,B,Paint,PASS,None,0,2026-08-09T16:00:00
DEMO-00330-2,DEMO-00330,2026-08-11,Compact B,C,Paint,PASS,None,0,2026-08-11T16:00:00
DEMO-00789-1,DEMO-00789,2026-08-27,Compact A,C,Body,PASS,None,0,2026-08-27T16:00:00
DEMO-00375-1,DEMO-00375,2026-08-13,Compact A,C,Body,PASS,None,0,2026-08-13T16:00:00
DEMO-00813-1,DEMO-00813,2026-08-28,Compact A,C,Body,PASS,None,0,2026-08-28T16:00:00
DEMO-00479-3,DEMO-00479,2026-08-16,Compact A,B,Final,PASS,None,0,2026-08-16T16:00:00
DEMO-00596-2,DEMO-00596,2026-08-20,Compact B,B,Paint,PASS,None,0,2026-08-20T16:00:00
DEMO-00621-1,DEMO-00621,2026-08-21,Compact A,C,Body,PASS,None,0,2026-08-21T16:00:00
DEMO-00117-1,DEMO-00117,2026-08-04,Compact A,C,Body,PASS,None,0,2026-08-04T16:00:00
DEMO-00664-2,DEMO-00664,2026-08-23,Compact B,A,Paint,PASS,None,0,2026-08-23T16:00:00
DEMO-00422-3,DEMO-00422,2026-08-15,Compact B,B,Final,PASS,None,0,2026-08-15T16:00:00
DEMO-00742-2,DEMO-00742,2026-08-25,Compact B,A,Paint,PASS,None,0,2026-08-25T16:00:00
DEMO-00476-1,DEMO-00476,2026-08-16,Compact B,B,Body,FAIL,Weld appearance,50,2026-08-16T16:00:00
DEMO-00093-2,DEMO-00093,2026-08-04,Compact A,C,Paint,PASS,None,0,2026-08-04T16:00:00
DEMO-00471-1,DEMO-00471,2026-08-16,Compact A,C,Body,PASS,None,0,2026-08-16T16:00:00
DEMO-00058-1,DEMO-00058,2026-08-02,Compact B,A,Body,PASS,None,0,2026-08-02T16:00:00
DEMO-00668-2,DEMO-00668,2026-08-23,Compact B,B,Paint,FAIL,Paint finish,27,2026-08-23T16:00:00
DEMO-00699-1,DEMO-00699,2026-08-24,Compact A,C,Body,PASS,None,0,2026-08-24T16:00:00
DEMO-00233-1,DEMO-00233,2026-08-08,Compact A,B,Body,PASS,None,0,2026-08-08T16:00:00
DEMO-00587-2,DEMO-00587,2026-08-20,Compact A,B,Paint,FAIL,Paint finish,44,2026-08-20T16:00:00
DEMO-00716-1,DEMO-00716,2026-08-24,Compact B,B,Body,PASS,None,0,2026-08-24T16:00:00
DEMO-00227-3,DEMO-00227,2026-08-08,Compact A,B,Final,PASS,None,0,2026-08-08T16:00:00
DEMO-00608-1,DEMO-00608,2026-08-21,Compact B,B,Body,PASS,None,0,2026-08-21T16:00:00
DEMO-00262-2,DEMO-00262,2026-08-09,Compact B,A,Paint,FAIL,Surface inclusion,32,2026-08-09T16:00:00
DEMO-00831-1,DEMO-00831,2026-08-28,Compact A,C,Body,PASS,None,0,2026-08-28T16:00:00
DEMO-00303-2,DEMO-00303,2026-08-11,Compact A,C,Paint,FAIL,Paint finish,48,2026-08-11T16:00:00
DEMO-00554-1,DEMO-00554,2026-08-19,Compact B,B,Body,PASS,None,0,2026-08-19T16:00:00
DEMO-00420-2,DEMO-00420,2026-08-14,Compact B,C,Paint,FAIL,Paint finish,41,2026-08-14T16:00:00
DEMO-00048-2,DEMO-00048,2026-08-02,Compact B,C,Paint,PASS,None,0,2026-08-02T16:00:00
DEMO-00029-1,DEMO-00029,2026-08-01,Compact A,B,Body,PASS,None,0,2026-08-01T08:00:00
DEMO-00834-1,DEMO-00834,2026-08-28,Compact B,C,Body,PASS,None,0,2026-08-28T16:00:00
DEMO-00516-1,DEMO-00516,2026-08-18,Compact B,C,Body,PASS,None,0,2026-08-18T16:00:00
DEMO-00765-1,DEMO-00765,2026-08-26,Compact A,C,Body,PASS,None,0,2026-08-26T16:00:00
DEMO-00382-2,DEMO-00382,2026-08-13,Compact B,A,Paint,PASS,None,0,2026-08-13T16:00:00
DEMO-00189-3,DEMO-00189,2026-08-07,Compact A,C,Final,PASS,None,0,2026-08-07T16:00:00
DEMO-00172-3,DEMO-00172,2026-08-06,Compact B,A,Final,PASS,None,0,2026-08-06T16:00:00
DEMO-00707-3,DEMO-00707,2026-08-24,Compact A,B,Final,PASS,None,0,2026-08-24T16:00:00
DEMO-00396-2,DEMO-00396,2026-08-14,Compact B,C,Paint,PASS,None,0,2026-08-14T16:00:00
DEMO-00247-3,DEMO-00247,2026-08-09,Compact A,A,Final,PASS,None,0,2026-08-09T16:00:00
DEMO-00578-3,DEMO-00578,2026-08-20,Compact B,B,Final,PASS,None,0,2026-08-20T16:00:00
DEMO-00672-1,DEMO-00672,2026-08-23,Compact B,C,Body,PASS,None,0,2026-08-23T16:00:00
DEMO-00215-1,DEMO-00215,2026-08-08,Compact A,B,Body,FAIL,Panel gap,10,2026-08-08T16:00:00
DEMO-00633-3,DEMO-00633,2026-08-22,Compact A,C,Final,PASS,None,0,2026-08-22T16:00:00
DEMO-00315-3,DEMO-00315,2026-08-11,Compact A,C,Final,PASS,None,0,2026-08-11T16:00:00
DEMO-00823-1,DEMO-00823,2026-08-28,Compact A,A,Body,PASS,None,0,2026-08-28T16:00:00
DEMO-00009-1,DEMO-00009,2026-08-01,Compact A,C, body , pass ,None,0,2026-08-01T16:00:00
DEMO-00181-3,DEMO-00181,2026-08-07,Compact A,A,Final,PASS,None,0,2026-08-07T16:00:00
DEMO-00836-2,DEMO-00836,2026-08-28,Compact B,B,Paint,FAIL,Surface inclusion,13,2026-08-28T16:00:00
DEMO-00611-2,DEMO-00611,2026-08-21,Compact A,B,Paint,FAIL,Surface inclusion,14,2026-08-21T16:00:00
DEMO-00054-1,DEMO-00054,2026-08-02,Compact B,C,Body,PASS,None,0,2026-08-02T16:00:00
DEMO-00659-1,DEMO-00659,2026-08-22,Compact A,B,Body,PASS,None,0,2026-08-22T16:00:00
DEMO-00462-3,DEMO-00462,2026-08-16,Compact B,C,Final,PASS,None,0,2026-08-16T16:00:00
DEMO-00477-1,DEMO-00477,2026-08-16,Compact A,C,Body,PASS,None,0,2026-08-16T16:00:00
DEMO-00516-3,DEMO-00516,2026-08-18,Compact B,C,Final,PASS,None,0,2026-08-18T16:00:00
DEMO-00355-2,DEMO-00355,2026-08-12,Compact A,A,Paint,PASS,None,0,2026-08-12T16:00:00
DEMO-00359-1,DEMO-00359,2026-08-12,Compact A,B,Body,PASS,None,0,2026-08-12T16:00:00
DEMO-00801-1,DEMO-00801,2026-08-27,Compact A,C,Body,PASS,None,0,2026-08-27T16:00:00
DEMO-00094-3,DEMO-00094,2026-08-04,Compact B,A,Final,PASS,None,0,2026-08-04T16:00:00
DEMO-00624-1,DEMO-00624,2026-08-21,Compact B,C,Body,PASS,None,0,2026-08-21T16:00:00
DEMO-00171-1,DEMO-00171,2026-08-06,Compact A,C,Body,PASS,None,0,2026-08-06T16:00:00
DEMO-00707-1,DEMO-00707,2026-08-24,Compact A,B,Body,PASS,None,0,2026-08-24T16:00:00
DEMO-00600-2,DEMO-00600,2026-08-20,Compact B,C,Paint,PASS,None,0,2026-08-20T16:00:00
DEMO-00248-3,DEMO-00248,2026-08-09,Compact B,B,Final,PASS,None,0,2026-08-09T16:00:00
DEMO-00700-1,DEMO-00700,2026-08-24,Compact B,A,Body,PASS,None,0,2026-08-24T16:00:00
DEMO-00441-1,DEMO-00441,2026-08-15,Compact A,C,Body,PASS,None,0,2026-08-15T16:00:00
DEMO-00383-2,DEMO-00383,2026-08-13,Compact A,B,Paint,PASS,None,0,2026-08-13T16:00:00
DEMO-00513-3,DEMO-00513,2026-08-18,Compact A,C,Final,PASS,None,0,2026-08-18T16:00:00
DEMO-00656-3,DEMO-00656,2026-08-22,Compact B,B,Final,PASS,None,0,2026-08-22T16:00:00
DEMO-00520-1,DEMO-00520,2026-08-18,Compact B,A,Body,PASS,None,0,2026-08-18T16:00:00
DEMO-00434-1,DEMO-00434,2026-08-15,Compact B,B,Body,PASS,None,0,2026-08-15T16:00:00
DEMO-00701-2,DEMO-00701,2026-08-24,Compact A,B,Paint,PASS,None,0,2026-08-24T16:00:00
DEMO-00294-2,DEMO-00294,2026-08-10,Compact B,C,Paint,FAIL,Surface inclusion,12,2026-08-10T16:00:00
DEMO-00649-1,DEMO-00649,2026-08-22,Compact A,A,Body,FAIL,Weld appearance,8,2026-08-22T16:00:00
DEMO-00367-1,DEMO-00367,2026-08-13,Compact A,A,Body,PASS,None,0,2026-08-13T16:00:00
DEMO-00152-3,DEMO-00152,2026-08-06,Compact B,B,Final,FAIL,Fit and finish,16,2026-08-06T16:00:00
DEMO-00639-1,DEMO-00639,2026-08-22,Compact A,C,Body,PASS,None,0,2026-08-22T16:00:00
DEMO-00486-3,DEMO-00486,2026-08-17,Compact B,C,Final,PASS,None,0,2026-08-17T16:00:00
DEMO-00457-3,DEMO-00457,2026-08-16,Compact A,A,Final,PASS,None,0,2026-08-16T16:00:00
DEMO-00722-2,DEMO-00722,2026-08-25,Compact B,B,Paint,PASS,None,0,2026-08-25T16:00:00
DEMO-00576-3,DEMO-00576,2026-08-20,Compact B,C,Final,PASS,None,0,2026-08-20T16:00:00
DEMO-00833-3,DEMO-00833,2026-08-28,Compact A,B,Final,PASS,None,0,2026-08-28T16:00:00
DEMO-00032-3,DEMO-00032,2026-08-02,Compact B,B,Final,PASS,None,0,2026-08-02T16:00:00
DEMO-00427-1,DEMO-00427,2026-08-15,Compact A,A,Body,PASS,None,0,2026-08-15T16:00:00
DEMO-00461-3,DEMO-00461,2026-08-16,Compact A,B,Final,PASS,None,0,2026-08-16T16:00:00
DEMO-00724-1,DEMO-00724,2026-08-25,Compact B,A,Body,FAIL,Weld appearance,38,2026-08-25T16:00:00
DEMO-00509-1,DEMO-00509,2026-08-17,Compact A,B,Body,PASS,None,0,2026-08-17T16:00:00
DEMO-00802-2,DEMO-00802,2026-08-27,Compact B,A,Paint,PASS,None,0,2026-08-27T16:00:00
DEMO-00358-1,DEMO-00358,2026-08-12,Compact B,A,Body,PASS,None,0,2026-08-12T16:00:00
DEMO-00701-1,DEMO-00701,2026-08-24,Compact A,B,Body,PASS,None,0,2026-08-24T16:00:00
DEMO-00641-2,DEMO-00641,2026-08-22,Compact A,B,Paint,PASS,None,0,2026-08-22T16:00:00
DEMO-00793-3,DEMO-00793,2026-08-27,Compact A,A,Final,PASS,None,0,2026-08-27T16:00:00
DEMO-00652-2,DEMO-00652,2026-08-22,Compact B,A,Paint,PASS,None,0,2026-08-22T16:00:00
DEMO-00481-1,DEMO-00481,2026-08-17,Compact A,A,Body,PASS,None,0,2026-08-17T16:00:00
DEMO-00370-2,DEMO-00370,2026-08-13,Compact B,A,Paint,PASS,None,0,2026-08-13T16:00:00
DEMO-00408-3,DEMO-00408,2026-08-14,Compact B,C,Final,PASS,None,0,2026-08-14T16:00:00
DEMO-00001-2,DEMO-00001,2026-08-01,Compact A,A,Paint,PASS,None,0,2026-08-01T16:00:00
DEMO-00139-2,DEMO-00139,2026-08-05,Compact A,A,Paint,PASS,None,0,2026-08-05T16:00:00
DEMO-00582-1,DEMO-00582,2026-08-20,Compact B,C,Body,PASS,None,0,2026-08-20T16:00:00
DEMO-00503-1,DEMO-00503,2026-08-17,Compact A,B,Body,PASS,None,0,2026-08-17T16:00:00
DEMO-00114-3,DEMO-00114,2026-08-04,Compact B,C,Final,PASS,None,0,2026-08-04T16:00:00
DEMO-00610-1,DEMO-00610,2026-08-21,Compact B,A,Body,PASS,None,0,2026-08-21T16:00:00
DEMO-00496-1,DEMO-00496,2026-08-17,Compact B,A,Body,PASS,None,0,2026-08-17T16:00:00
DEMO-00010-2,DEMO-00010,2026-08-01,Compact B,A, paint , pass ,None,0,2026-08-01T16:00:00
DEMO-00130-3,DEMO-00130,2026-08-05,Compact B,A,Final,PASS,None,0,2026-08-05T16:00:00
DEMO-00542-3,DEMO-00542,2026-08-19,Compact B,B,Final,PASS,None,0,2026-08-19T16:00:00
DEMO-00242-1,DEMO-00242,2026-08-09,Compact B,B,Body,PASS,None,0,2026-08-09T16:00:00
DEMO-00670-3,DEMO-00670,2026-08-23,Compact B,A,Final,PASS,None,0,2026-08-23T16:00:00
DEMO-00390-3,DEMO-00390,2026-08-13,Compact B,C,Final,PASS,None,0,2026-08-13T16:00:00
DEMO-00682-3,DEMO-00682,2026-08-23,Compact B,A,Final,PASS,None,0,2026-08-23T16:00:00
DEMO-00803-1,DEMO-00803,2026-08-27,Compact A,B,Body,PASS,None,0,2026-08-27T16:00:00
DEMO-00759-3,DEMO-00759,2026-08-26,Compact A,C,Final,PASS,None,0,2026-08-26T16:00:00
DEMO-00441-2,DEMO-00441,2026-08-15,Compact A,C,Paint,PASS,None,0,2026-08-15T16:00:00
DEMO-00345-1,DEMO-00345,2026-08-12,Compact A,C,Body,PASS,None,0,2026-08-12T16:00:00
DEMO-00535-3,DEMO-00535,2026-08-18,Compact A,A,Final,PASS,None,0,2026-08-18T16:00:00
DEMO-00501-2,DEMO-00501,2026-08-17,Compact A,C,Paint,PASS,None,0,2026-08-17T16:00:00
DEMO-00489-1,DEMO-00489,2026-08-17,Compact A,C,Body,PASS,None,0,2026-08-17T16:00:00
DEMO-00158-2,DEMO-00158,2026-08-06,Compact B,B,Paint,PASS,None,0,2026-08-06T16:00:00
DEMO-00482-2,DEMO-00482,2026-08-17,Compact B,B,Paint,PASS,None,0,2026-08-17T16:00:00
DEMO-00196-2,DEMO-00196,2026-08-07,Compact B,A,Paint,PASS,None,0,2026-08-07T16:00:00
DEMO-00059-2,DEMO-00059,2026-08-02,Compact A,B,Paint,PASS,None,0,2026-08-02T16:00:00
DEMO-00663-2,DEMO-00663,2026-08-23,Compact A,C,Paint,PASS,None,0,2026-08-23T16:00:00
DEMO-00203-3,DEMO-00203,2026-08-07,Compact A,B,Final,PASS,None,0,2026-08-07T16:00:00
DEMO-00146-3,DEMO-00146,2026-08-05,Compact B,B,Final,PASS,None,0,2026-08-05T16:00:00
DEMO-00805-1,DEMO-00805,2026-08-27,Compact A,A,Body,PASS,None,0,2026-08-27T16:00:00
DEMO-00601-2,DEMO-00601,2026-08-21,Compact A,A,Paint,PASS,None,0,2026-08-21T16:00:00
DEMO-00274-2,DEMO-00274,2026-08-10,Compact B,A,Paint,FAIL,Surface inclusion,43,2026-08-10T16:00:00
DEMO-00669-3,DEMO-00669,2026-08-23,Compact A,C,Final,PASS,None,0,2026-08-23T16:00:00
DEMO-00153-2,DEMO-00153,2026-08-06,Compact A,C,Paint,PASS,None,0,2026-08-06T16:00:00
DEMO-00627-3,DEMO-00627,2026-08-21,Compact A,C,Final,FAIL,Fit and finish,25,2026-08-21T16:00:00
DEMO-00498-3,DEMO-00498,2026-08-17,Compact B,C,Final,FAIL,Function check,50,2026-08-17T16:00:00
DEMO-00805-2,DEMO-00805,2026-08-27,Compact A,A,Paint,PASS,None,0,2026-08-27T16:00:00
DEMO-00102-3,DEMO-00102,2026-08-04,Compact B,C,Final,PASS,None,0,2026-08-04T16:00:00
DEMO-00822-1,DEMO-00822,2026-08-28,Compact B,C,Body,PASS,None,0,2026-08-28T16:00:00
DEMO-00053-1,DEMO-00053,2026-08-02,Compact A,B,Body,FAIL,Weld appearance,31,2026-08-02T16:00:00
DEMO-00500-3,DEMO-00500,2026-08-17,Compact B,B,Final,PASS,None,0,2026-08-17T16:00:00
DEMO-00510-2,DEMO-00510,2026-08-17,Compact B,C,Paint,PASS,None,0,2026-08-17T16:00:00
DEMO-00556-2,DEMO-00556,2026-08-19,Compact B,A,Paint,PASS,None,0,2026-08-19T16:00:00
DEMO-00179-3,DEMO-00179,2026-08-06,Compact A,B,Final,PASS,None,0,2026-08-06T16:00:00
DEMO-00421-3,DEMO-00421,2026-08-15,Compact A,A,Final,PASS,None,0,2026-08-15T16:00:00
DEMO-00266-1,DEMO-00266,2026-08-09,Compact B,B,Body,PASS,None,0,2026-08-09T16:00:00
DEMO-00074-2,DEMO-00074,2026-08-03,Compact B,B,Paint,PASS,None,0,2026-08-03T16:00:00
DEMO-00744-2,DEMO-00744,2026-08-25,Compact B,C,Paint,PASS,None,0,2026-08-25T16:00:00
DEMO-00094-2,DEMO-00094,2026-08-04,Compact B,A,Paint,PASS,None,0,2026-08-04T16:00:00
DEMO-00648-1,DEMO-00648,2026-08-22,Compact B,C,Body,PASS,None,0,2026-08-22T16:00:00
DEMO-00287-2,DEMO-00287,2026-08-10,Compact A,B,Paint,PASS,None,0,2026-08-10T16:00:00
DEMO-00494-1,DEMO-00494,2026-08-17,Compact B,B,Body,PASS,None,0,2026-08-17T16:00:00
DEMO-00553-1,DEMO-00553,2026-08-19,Compact A,A,Body,PASS,None,0,2026-08-19T16:00:00
DEMO-00213-3,DEMO-00213,2026-08-08,Compact A,C,Final,FAIL,Function check,47,2026-08-08T16:00:00
DEMO-00109-1,DEMO-00109,2026-08-04,Compact A,A,Body,PASS,None,0,2026-08-04T16:00:00
DEMO-00309-1,DEMO-00309,2026-08-11,Compact A,C,Body,PASS,None,0,2026-08-11T16:00:00
DEMO-00282-1,DEMO-00282,2026-08-10,Compact B,C,Body,FAIL,Weld appearance,8,2026-08-10T16:00:00
DEMO-00307-3,DEMO-00307,2026-08-11,Compact A,A,Final,PASS,None,0,2026-08-11T16:00:00
DEMO-00413-3,DEMO-00413,2026-08-14,Compact A,B,Final,PASS,None,0,2026-08-14T16:00:00
DEMO-00555-2,DEMO-00555,2026-08-19,Compact A,C,Paint,PASS,None,0,2026-08-19T16:00:00
DEMO-00782-3,DEMO-00782,2026-08-27,Compact B,B,Final,FAIL,Function check,27,2026-08-27T16:00:00
DEMO-00572-3,DEMO-00572,2026-08-20,Compact B,B,Final,PASS,None,0,2026-08-20T16:00:00
DEMO-00582-3,DEMO-00582,2026-08-20,Compact B,C,Final,PASS,None,0,2026-08-20T16:00:00
DEMO-00464-2,DEMO-00464,2026-08-16,Compact B,B,Paint,PASS,None,0,2026-08-16T16:00:00
DEMO-00351-3,DEMO-00351,2026-08-12,Compact A,C,Final,PASS,None,0,2026-08-12T16:00:00
DEMO-00526-2,DEMO-00526,2026-08-18,Compact B,A,Paint,PASS,None,0,2026-08-18T16:00:00
DEMO-00072-3,DEMO-00072,2026-08-03,Compact B,C,Final,PASS,None,0,2026-08-03T16:00:00
DEMO-00601-3,DEMO-00601,2026-08-21,Compact A,A,Final,PASS,None,0,2026-08-21T16:00:00
DEMO-00436-2,DEMO-00436,2026-08-15,Compact B,A,Paint,PASS,None,0,2026-08-15T16:00:00
DEMO-00490-1,DEMO-00490,2026-08-17,Compact B,A,Body,PASS,None,0,2026-08-17T16:00:00
DEMO-00031-2,DEMO-00031,2026-08-02,Compact A,A,Paint,PASS,None,0,2026-08-02T16:00:00
DEMO-00753-1,DEMO-00753,2026-08-26,Compact A,C,Body,PASS,None,0,2026-08-26T16:00:00
DEMO-00225-2,DEMO-00225,2026-08-08,Compact A,C,Paint,PASS,None,0,2026-08-08T16:00:00
DEMO-00296-1,DEMO-00296,2026-08-10,Compact B,B,Body,FAIL,Weld appearance,9,2026-08-10T16:00:00
DEMO-00687-3,DEMO-00687,2026-08-23,Compact A,C,Final,PASS,None,0,2026-08-23T16:00:00
DEMO-00037-2,DEMO-00037,2026-08-02,Compact A,A,Paint,PASS,None,0,2026-08-02T16:00:00
DEMO-00533-3,DEMO-00533,2026-08-18,Compact A,B,Final,PASS,None,0,2026-08-18T16:00:00
DEMO-00012-3,DEMO-00012,2026-08-01,Compact B,C,Final,PASS,None,0,2026-08-01T16:00:00
DEMO-00334-3,DEMO-00334,2026-08-12,Compact B,A,Final,PASS,None,0,2026-08-12T16:00:00
DEMO-00241-1,DEMO-00241,2026-08-09,Compact A,A,Body,PASS,None,0,2026-08-09T16:00:00
DEMO-00691-3,DEMO-00691,2026-08-24,Compact A,A,Final,PASS,None,0,2026-08-24T16:00:00
DEMO-00230-1,DEMO-00230,2026-08-08,Compact B,B,Body,PASS,None,0,2026-08-08T16:00:00
DEMO-00659-2,DEMO-00659,2026-08-22,Compact A,B,Paint,PASS,None,0,2026-08-22T16:00:00
DEMO-00737-2,DEMO-00737,2026-08-25,Compact A,B,Paint,PASS,None,0,2026-08-25T16:00:00
DEMO-00155-3,DEMO-00155,2026-08-06,Compact A,B,Final,PASS,None,0,2026-08-06T16:00:00
DEMO-00370-3,DEMO-00370,2026-08-13,Compact B,A,Final,PASS,None,0,2026-08-13T16:00:00
DEMO-00758-3,DEMO-00758,2026-08-26,Compact B,B,Final,PASS,None,0,2026-08-26T16:00:00
DEMO-00596-3,DEMO-00596,2026-08-20,Compact B,B,Final,PASS,None,0,2026-08-20T16:00:00
DEMO-00769-3,DEMO-00769,2026-08-26,Compact A,A,Final,PASS,None,0,2026-08-26T16:00:00
DEMO-00212-2,DEMO-00212,2026-08-08,Compact B,B,Paint,PASS,None,0,2026-08-08T16:00:00
DEMO-00033-3,DEMO-00033,2026-08-02,Compact A,C,Final,PASS,None,0,2026-08-02T16:00:00
DEMO-00821-3,DEMO-00821,2026-08-28,Compact A,B,Final,FAIL,Function check,33,2026-08-28T16:00:00
DEMO-00734-1,DEMO-00734,2026-08-25,Compact B,B,Body,PASS,None,0,2026-08-25T16:00:00
DEMO-00341-2,DEMO-00341,2026-08-12,Compact A,B,Paint,FAIL,Paint finish,43,2026-08-12T16:00:00
DEMO-00371-3,DEMO-00371,2026-08-13,Compact A,B,Final,PASS,None,0,2026-08-13T16:00:00
DEMO-00431-3,DEMO-00431,2026-08-15,Compact A,B,Final,FAIL,Fit and finish,32,2026-08-15T16:00:00
DEMO-00732-2,DEMO-00732,2026-08-25,Compact B,C,Paint,PASS,None,0,2026-08-25T16:00:00
DEMO-00645-1,DEMO-00645,2026-08-22,Compact A,C,Body,PASS,None,0,2026-08-22T16:00:00
DEMO-00226-1,DEMO-00226,2026-08-08,Compact B,A,Body,PASS,None,0,2026-08-08T16:00:00
DEMO-00733-1,DEMO-00733,2026-08-25,Compact A,A,Body,PASS,None,0,2026-08-25T16:00:00
DEMO-00310-2,DEMO-00310,2026-08-11,Compact B,A,Paint,PASS,None,0,2026-08-11T16:00:00
DEMO-00350-1,DEMO-00350,2026-08-12,Compact B,B,Body,FAIL,Weld appearance,21,2026-08-12T16:00:00
DEMO-00017-1,DEMO-00017,2026-08-01,Compact A,B,Body,PASS,None,0,2026-08-01T16:00:00
DEMO-00469-3,DEMO-00469,2026-08-16,Compact A,A,Final,PASS,None,0,2026-08-16T16:00:00
DEMO-00508-2,DEMO-00508,2026-08-17,Compact B,A,Paint,PASS,None,0,2026-08-17T16:00:00
DEMO-00281-2,DEMO-00281,2026-08-10,Compact A,B,Paint,PASS,None,0,2026-08-10T16:00:00
DEMO-00646-2,DEMO-00646,2026-08-22,Compact B,A,Paint,PASS,None,0,2026-08-22T16:00:00
DEMO-00263-1,DEMO-00263,2026-08-09,Compact A,B,Body,PASS,None,0,2026-08-09T16:00:00
DEMO-00156-1,DEMO-00156,2026-08-06,Compact B,C,Body,PASS,None,0,2026-08-06T16:00:00
DEMO-00216-3,DEMO-00216,2026-08-08,Compact B,C,Final,PASS,None,0,2026-08-08T16:00:00
DEMO-00623-1,DEMO-00623,2026-08-21,Compact A,B,Body,PASS,None,0,2026-08-21T16:00:00
DEMO-00691-1,DEMO-00691,2026-08-24,Compact A,A,Body,PASS,None,0,2026-08-24T16:00:00
DEMO-00235-3,DEMO-00235,2026-08-08,Compact A,A,Final,FAIL,Function check,41,2026-08-08T16:00:00
DEMO-00810-3,DEMO-00810,2026-08-27,Compact B,C,Final,PASS,None,0,2026-08-27T16:00:00
DEMO-00679-1,DEMO-00679,2026-08-23,Compact A,A,Body,PASS,None,0,2026-08-23T16:00:00
DEMO-00382-1,DEMO-00382,2026-08-13,Compact B,A,Body,FAIL,Panel gap,41,2026-08-13T16:00:00
DEMO-00789-3,DEMO-00789,2026-08-27,Compact A,C,Final,PASS,None,0,2026-08-27T16:00:00
DEMO-00573-1,DEMO-00573,2026-08-20,Compact A,C,Body,PASS,None,0,2026-08-20T16:00:00
DEMO-00726-3,DEMO-00726,2026-08-25,Compact B,C,Final,FAIL,Fit and finish,32,2026-08-25T16:00:00
DEMO-00791-1,DEMO-00791,2026-08-27,Compact A,B,Body,PASS,None,0,2026-08-27T16:00:00
DEMO-00614-3,DEMO-00614,2026-08-21,Compact B,B,Final,PASS,None,0,2026-08-21T16:00:00
DEMO-00676-2,DEMO-00676,2026-08-23,Compact B,A,Paint,PASS,None,0,2026-08-23T16:00:00
DEMO-00790-2,DEMO-00790,2026-08-27,Compact B,A,Paint,PASS,None,0,2026-08-27T16:00:00
DEMO-00077-1,DEMO-00077,2026-08-03,Compact A,B,Body,PASS,None,0,2026-08-03T16:00:00
DEMO-00305-2,DEMO-00305,2026-08-11,Compact A,B,Paint,PASS,None,0,2026-08-11T16:00:00
DEMO-00341-1,DEMO-00341,2026-08-12,Compact A,B,Body,PASS,None,0,2026-08-12T16:00:00
DEMO-00359-3,DEMO-00359,2026-08-12,Compact A,B,Final,PASS,None,0,2026-08-12T16:00:00
DEMO-00144-1,DEMO-00144,2026-08-05,Compact B,C,Body,PASS,None,0,2026-08-05T16:00:00
DEMO-00071-2,DEMO-00071,2026-08-03,Compact A,B,Paint,PASS,None,0,2026-08-03T16:00:00
DEMO-00354-2,DEMO-00354,2026-08-12,Compact B,C,Paint,PASS,None,0,2026-08-12T16:00:00
DEMO-00764-3,DEMO-00764,2026-08-26,Compact B,B,Final,PASS,None,0,2026-08-26T16:00:00
DEMO-00279-2,DEMO-00279,2026-08-10,Compact A,C,Paint,PASS,None,0,2026-08-10T16:00:00
DEMO-00044-2,DEMO-00044,2026-08-02,Compact B,B,Paint,PASS,None,0,2026-08-02T16:00:00
DEMO-00034-2,DEMO-00034,2026-08-02,Compact B,A,Paint,PASS,None,0,2026-08-02T16:00:00
DEMO-00050-1,DEMO-00050,2026-08-02,Compact B,B,Body,PASS,None,0,2026-08-02T16:00:00
DEMO-00067-2,DEMO-00067,2026-08-03,Compact A,A,Paint,PASS,None,0,2026-08-03T16:00:00
DEMO-00200-1,DEMO-00200,2026-08-07,Compact B,B,Body,PASS,None,0,2026-08-07T16:00:00
DEMO-00193-3,DEMO-00193,2026-08-07,Compact A,A,Final,PASS,None,0,2026-08-07T16:00:00
DEMO-00011-3,DEMO-00011,2026-08-01,Compact A,B,Final,PASS,None,0,2026-08-01T16:00:00
DEMO-00373-2,DEMO-00373,2026-08-13,Compact A,A,Paint,PASS,None,0,2026-08-13T16:00:00
DEMO-00602-3,DEMO-00602,2026-08-21,Compact B,B,Final,PASS,None,0,2026-08-21T16:00:00
DEMO-00078-3,DEMO-00078,2026-08-03,Compact B,C,Final,PASS,None,0,2026-08-03T16:00:00
DEMO-00829-3,DEMO-00829,2026-08-28,Compact A,A,Final,PASS,None,0,2026-08-28T16:00:00
DEMO-00075-1,DEMO-00075,2026-08-03,Compact A,C,Body,PASS,None,0,2026-08-03T16:00:00
DEMO-00180-2,DEMO-00180,2026-08-06,Compact B,C,Paint,PASS,None,0,2026-08-06T16:00:00
DEMO-00425-1,DEMO-00425,2026-08-15,Compact A,B,Body,PASS,None,0,2026-08-15T16:00:00
DEMO-00786-2,DEMO-00786,2026-08-27,Compact B,C,Paint,PASS,None,0,2026-08-27T16:00:00
DEMO-00489-2,DEMO-00489,2026-08-17,Compact A,C,Paint,PASS,None,0,2026-08-17T16:00:00
DEMO-00299-3,DEMO-00299,2026-08-10,Compact A,B,Final,PASS,None,0,2026-08-10T16:00:00
DEMO-00061-3,DEMO-00061,2026-08-03,Compact A,A,Final,PASS,None,0,2026-08-03T16:00:00
DEMO-00469-2,DEMO-00469,2026-08-16,Compact A,A,Paint,PASS,None,0,2026-08-16T16:00:00
DEMO-00455-3,DEMO-00455,2026-08-16,Compact A,B,Final,FAIL,Fit and finish,27,2026-08-16T16:00:00
DEMO-00676-1,DEMO-00676,2026-08-23,Compact B,A,Body,PASS,None,0,2026-08-23T16:00:00
DEMO-00838-1,DEMO-00838,2026-08-28,Compact B,A,Body,PASS,None,0,2026-08-28T16:00:00
DEMO-00192-3,DEMO-00192,2026-08-07,Compact B,C,Final,PASS,None,0,2026-08-07T16:00:00
DEMO-00565-2,DEMO-00565,2026-08-19,Compact A,A,Paint,PASS,None,0,2026-08-19T16:00:00
DEMO-00303-3,DEMO-00303,2026-08-11,Compact A,C,Final,PASS,None,0,2026-08-11T16:00:00
DEMO-00705-3,DEMO-00705,2026-08-24,Compact A,C,Final,PASS,None,0,2026-08-24T16:00:00
DEMO-00835-2,DEMO-00835,2026-08-28,Compact A,A,Paint,PASS,None,0,2026-08-28T16:00:00
DEMO-00758-1,DEMO-00758,2026-08-26,Compact B,B,Body,PASS,None,0,2026-08-26T16:00:00
DEMO-00361-2,DEMO-00361,2026-08-13,Compact A,A,Paint,PASS,None,0,2026-08-13T16:00:00
DEMO-00276-1,DEMO-00276,2026-08-10,Compact B,C,Body,PASS,None,0,2026-08-10T16:00:00
DEMO-00448-3,DEMO-00448,2026-08-15,Compact B,A,Final,PASS,None,0,2026-08-15T16:00:00
DEMO-00590-3,DEMO-00590,2026-08-20,Compact B,B,Final,PASS,None,0,2026-08-20T16:00:00
DEMO-00533-2,DEMO-00533,2026-08-18,Compact A,B,Paint,PASS,None,0,2026-08-18T16:00:00
DEMO-00219-3,DEMO-00219,2026-08-08,Compact A,C,Final,PASS,None,0,2026-08-08T16:00:00
DEMO-00617-2,DEMO-00617,2026-08-21,Compact A,B,Paint,PASS,None,0,2026-08-21T16:00:00
DEMO-00142-2,DEMO-00142,2026-08-05,Compact B,A,Paint,PASS,None,0,2026-08-05T16:00:00
DEMO-00131-3,DEMO-00131,2026-08-05,Compact A,B,Final,PASS,None,0,2026-08-05T16:00:00
DEMO-00161-2,DEMO-00161,2026-08-06,Compact A,B,Paint,PASS,None,0,2026-08-06T16:00:00
DEMO-00017-2,DEMO-00017,2026-08-01,Compact A,B,Paint,PASS,None,0,2026-08-01T16:00:00
DEMO-00376-1,DEMO-00376,2026-08-13,Compact B,A,Body,PASS,None,0,2026-08-13T16:00:00
DEMO-00046-2,DEMO-00046,2026-08-02,Compact B,A,Paint,PASS,None,0,2026-08-02T16:00:00
DEMO-00693-2,DEMO-00693,2026-08-24,Compact A,C,Paint,PASS,None,0,2026-08-24T16:00:00
DEMO-00804-3,DEMO-00804,2026-08-27,Compact B,C,Final,FAIL,Fit and finish,45,2026-08-27T16:00:00
DEMO-00687-1,DEMO-00687,2026-08-23,Compact A,C,Body,PASS,None,0,2026-08-23T16:00:00
DEMO-00086-1,DEMO-00086,2026-08-03,Compact B,B,Body,PASS,None,0,2026-08-03T16:00:00
DEMO-00275-1,DEMO-00275,2026-08-10,Compact A,B,Body,PASS,None,0,2026-08-10T16:00:00
DEMO-00729-3,DEMO-00729,2026-08-25,Compact A,C,Final,FAIL,Fit and finish,12,2026-08-25T16:00:00
DEMO-00717-3,DEMO-00717,2026-08-24,Compact A,C,Final,PASS,None,0,2026-08-24T16:00:00
DEMO-00299-2,DEMO-00299,2026-08-10,Compact A,B,Paint,PASS,None,0,2026-08-10T16:00:00
DEMO-00226-2,DEMO-00226,2026-08-08,Compact B,A,Paint,PASS,None,0,2026-08-08T16:00:00
DEMO-00106-3,DEMO-00106,2026-08-04,Compact B,A,Final,FAIL,Fit and finish,21,2026-08-04T16:00:00
DEMO-00590-2,DEMO-00590,2026-08-20,Compact B,B,Paint,PASS,None,0,2026-08-20T16:00:00
DEMO-00343-3,DEMO-00343,2026-08-12,Compact A,A,Final,PASS,None,0,2026-08-12T16:00:00
DEMO-00113-1,DEMO-00113,2026-08-04,Compact A,B,Body,PASS,None,0,2026-08-04T16:00:00
DEMO-00681-2,DEMO-00681,2026-08-23,Compact A,C,Paint,PASS,None,0,2026-08-23T16:00:00
DEMO-00632-1,DEMO-00632,2026-08-22,Compact B,B,Body,PASS,None,0,2026-08-22T16:00:00
DEMO-00552-1,DEMO-00552,2026-08-19,Compact B,C,Body,PASS,None,0,2026-08-19T16:00:00
DEMO-00457-2,DEMO-00457,2026-08-16,Compact A,A,Paint,PASS,None,0,2026-08-16T16:00:00
DEMO-00722-3,DEMO-00722,2026-08-25,Compact B,B,Final,PASS,None,0,2026-08-25T16:00:00
DEMO-00472-3,DEMO-00472,2026-08-16,Compact B,A,Final,PASS,None,0,2026-08-16T16:00:00
DEMO-00129-2,DEMO-00129,2026-08-05,Compact A,C,Paint,FAIL,Surface inclusion,22,2026-08-05T16:00:00
DEMO-00503-3,DEMO-00503,2026-08-17,Compact A,B,Final,FAIL,Fit and finish,8,2026-08-17T16:00:00
DEMO-00347-2,DEMO-00347,2026-08-12,Compact A,B,Paint,PASS,None,0,2026-08-12T16:00:00
DEMO-00817-2,DEMO-00817,2026-08-28,Compact A,A,Paint,PASS,None,0,2026-08-28T16:00:00
DEMO-00313-1,DEMO-00313,2026-08-11,Compact A,A,Body,FAIL,Weld appearance,23,2026-08-11T16:00:00
DEMO-00440-3,DEMO-00440,2026-08-15,Compact B,B,Final,PASS,None,0,2026-08-15T16:00:00
DEMO-00033-1,DEMO-00033,2026-08-02,Compact A,C,Body,PASS,None,0,2026-08-02T16:00:00
BAD-DATE,DEMO-00001,not-a-date,Compact A,A,Body,PASS,None,0,2026-08-01T16:00:00
DEMO-00113-2,DEMO-00113,2026-08-04,Compact A,B,Paint,PASS,None,0,2026-08-04T16:00:00
DEMO-00635-1,DEMO-00635,2026-08-22,Compact A,B,Body,FAIL,Weld appearance,30,2026-08-22T16:00:00
DEMO-00340-2,DEMO-00340,2026-08-12,Compact B,A,Paint,PASS,None,0,2026-08-12T16:00:00
DEMO-00775-2,DEMO-00775,2026-08-26,Compact A,A,Paint,PASS,None,0,2026-08-26T16:00:00
DEMO-00185-2,DEMO-00185,2026-08-07,Compact A,B,Paint,FAIL,Paint finish,28,2026-08-07T16:00:00
DEMO-00082-2,DEMO-00082,2026-08-03,Compact B,A,Paint,PASS,None,0,2026-08-03T16:00:00
DEMO-00432-2,DEMO-00432,2026-08-15,Compact B,C,Paint,PASS,None,0,2026-08-15T16:00:00
DEMO-00816-1,DEMO-00816,2026-08-28,Compact B,C,Body,PASS,None,0,2026-08-28T16:00:00
DEMO-00636-2,DEMO-00636,2026-08-22,Compact B,C,Paint,PASS,None,0,2026-08-22T16:00:00
DEMO-00047-3,DEMO-00047,2026-08-02,Compact A,B,Final,PASS,None,0,2026-08-02T16:00:00
DEMO-00206-3,DEMO-00206,2026-08-07,Compact B,B,Final,FAIL,Fit and finish,45,2026-08-07T16:00:00
DEMO-00436-3,DEMO-00436,2026-08-15,Compact B,A,Final,PASS,None,0,2026-08-15T16:00:00
DEMO-00740-3,DEMO-00740,2026-08-25,Compact B,B,Final,PASS,None,0,2026-08-25T16:00:00
DEMO-00836-3,DEMO-00836,2026-08-28,Compact B,B,Final,FAIL,Function check,10,2026-08-28T16:00:00
DEMO-00741-2,DEMO-00741,2026-08-25,Compact A,C,Paint,PASS,None,0,2026-08-25T16:00:00
DEMO-00172-2,DEMO-00172,2026-08-06,Compact B,A,Paint,PASS,None,0,2026-08-06T16:00:00
DEMO-00115-3,DEMO-00115,2026-08-04,Compact A,A,Final,PASS,None,0,2026-08-04T16:00:00
DEMO-00126-3,DEMO-00126,2026-08-05,Compact B,C,Final,PASS,None,0,2026-08-05T16:00:00
DEMO-00407-3,DEMO-00407,2026-08-14,Compact A,B,Final,PASS,None,0,2026-08-14T16:00:00
DEMO-00278-3,DEMO-00278,2026-08-10,Compact B,B,Final,FAIL,Function check,20,2026-08-10T16:00:00
DEMO-00704-1,DEMO-00704,2026-08-24,Compact B,B,Body,PASS,None,0,2026-08-24T16:00:00
DEMO-00534-1,DEMO-00534,2026-08-18,Compact B,C,Body,PASS,None,0,2026-08-18T16:00:00
DEMO-00329-3,DEMO-00329,2026-08-11,Compact A,B,Final,PASS,None,0,2026-08-11T16:00:00
DEMO-00463-2,DEMO-00463,2026-08-16,Compact A,A,Paint,PASS,None,0,2026-08-16T16:00:00
DEMO-00685-3,DEMO-00685,2026-08-23,Compact A,A,Final,PASS,None,0,2026-08-23T16:00:00
DEMO-00317-2,DEMO-00317,2026-08-11,Compact A,B,Paint,PASS,None,0,2026-08-11T16:00:00
DEMO-00795-1,DEMO-00795,2026-08-27,Compact A,C,Body,PASS,None,0,2026-08-27T16:00:00
DEMO-00294-3,DEMO-00294,2026-08-10,Compact B,C,Final,PASS,None,0,2026-08-10T16:00:00
DEMO-00361-1,DEMO-00361,2026-08-13,Compact A,A,Body,PASS,None,0,2026-08-13T16:00:00
DEMO-00504-2,DEMO-00504,2026-08-17,Compact B,C,Paint,FAIL,Surface inclusion,36,2026-08-17T16:00:00
DEMO-00326-3,DEMO-00326,2026-08-11,Compact B,B,Final,PASS,None,0,2026-08-11T16:00:00
DEMO-00750-3,DEMO-00750,2026-08-25,Compact B,C,Final,PASS,None,0,2026-08-25T16:00:00
DEMO-00537-3,DEMO-00537,2026-08-18,Compact A,C,Final,PASS,None,0,2026-08-18T16:00:00
DEMO-00345-3,DEMO-00345,2026-08-12,Compact A,C,Final,PASS,None,0,2026-08-12T16:00:00
DEMO-00408-2,DEMO-00408,2026-08-14,Compact B,C,Paint,FAIL,Surface inclusion,20,2026-08-14T16:00:00
DEMO-00086-2,DEMO-00086,2026-08-03,Compact B,B,Paint,PASS,None,0,2026-08-03T16:00:00
DEMO-00332-2,DEMO-00332,2026-08-12,Compact B,B,Paint,PASS,None,0,2026-08-12T16:00:00
DEMO-00438-3,DEMO-00438,2026-08-15,Compact B,C,Final,PASS,None,0,2026-08-15T16:00:00
DEMO-00223-1,DEMO-00223,2026-08-08,Compact A,A,Body,PASS,None,0,2026-08-08T16:00:00
DEMO-00631-3,DEMO-00631,2026-08-22,Compact A,A,Final,PASS,None,0,2026-08-22T16:00:00
DEMO-00818-2,DEMO-00818,2026-08-28,Compact B,B,Paint,PASS,None,0,2026-08-28T16:00:00
DEMO-00769-2,DEMO-00769,2026-08-26,Compact A,A,Paint,PASS,None,0,2026-08-26T16:00:00
DEMO-00588-1,DEMO-00588,2026-08-20,Compact B,C,Body,PASS,None,0,2026-08-20T16:00:00
DEMO-00391-3,DEMO-00391,2026-08-14,Compact A,A,Final,PASS,None,0,2026-08-14T16:00:00
DEMO-00742-1,DEMO-00742,2026-08-25,Compact B,A,Body,PASS,None,0,2026-08-25T16:00:00
DEMO-00119-3,DEMO-00119,2026-08-04,Compact A,B,Final,PASS,None,0,2026-08-04T16:00:00
DEMO-00511-1,DEMO-00511,2026-08-18,Compact A,A,Body,PASS,None,0,2026-08-18T16:00:00
DEMO-00127-1,DEMO-00127,2026-08-05,Compact A,A,Body,PASS,None,0,2026-08-05T16:00:00
DEMO-00388-3,DEMO-00388,2026-08-13,Compact B,A,Final,PASS,None,0,2026-08-13T16:00:00
DEMO-00569-2,DEMO-00569,2026-08-19,Compact A,B,Paint,FAIL,Surface inclusion,29,2026-08-19T16:00:00
DEMO-00533-1,DEMO-00533,2026-08-18,Compact A,B,Body,PASS,None,0,2026-08-18T16:00:00
DEMO-00754-1,DEMO-00754,2026-08-26,Compact B,A,Body,PASS,None,0,2026-08-26T16:00:00
DEMO-00107-3,DEMO-00107,2026-08-04,Compact A,B,Final,PASS,None,0,2026-08-04T16:00:00
DEMO-00407-1,DEMO-00407,2026-08-14,Compact A,B,Body,PASS,None,0,2026-08-14T16:00:00
DEMO-00682-2,DEMO-00682,2026-08-23,Compact B,A,Paint,PASS,None,0,2026-08-23T16:00:00
DEMO-00144-2,DEMO-00144,2026-08-05,Compact B,C,Paint,PASS,None,0,2026-08-05T16:00:00
DEMO-00620-2,DEMO-00620,2026-08-21,Compact B,B,Paint,PASS,None,0,2026-08-21T16:00:00
DEMO-00829-2,DEMO-00829,2026-08-28,Compact A,A,Paint,PASS,None,0,2026-08-28T16:00:00
DEMO-00488-1,DEMO-00488,2026-08-17,Compact B,B,Body,PASS,None,0,2026-08-17T16:00:00
DEMO-00712-1,DEMO-00712,2026-08-24,Compact B,A,Body,PASS,None,0,2026-08-24T16:00:00
DEMO-00838-2,DEMO-00838,2026-08-28,Compact B,A,Paint,PASS,None,0,2026-08-28T16:00:00
DEMO-00729-1,DEMO-00729,2026-08-25,Compact A,C,Body,PASS,None,0,2026-08-25T16:00:00
DEMO-00693-1,DEMO-00693,2026-08-24,Compact A,C,Body,PASS,None,0,2026-08-24T16:00:00
DEMO-00750-1,DEMO-00750,2026-08-25,Compact B,C,Body,PASS,None,0,2026-08-25T16:00:00
DEMO-00089-1,DEMO-00089,2026-08-03,Compact A,B,Body,PASS,None,0,2026-08-03T16:00:00
DEMO-00710-3,DEMO-00710,2026-08-24,Compact B,B,Final,PASS,None,0,2026-08-24T16:00:00
DEMO-00372-3,DEMO-00372,2026-08-13,Compact B,C,Final,PASS,None,0,2026-08-13T16:00:00
DEMO-00191-2,DEMO-00191,2026-08-07,Compact A,B,Paint,FAIL,Paint finish,42,2026-08-07T16:00:00
DEMO-00615-3,DEMO-00615,2026-08-21,Compact A,C,Final,PASS,None,0,2026-08-21T16:00:00
DEMO-00255-1,DEMO-00255,2026-08-09,Compact A,C,Body,PASS,None,0,2026-08-09T16:00:00
DEMO-00189-1,DEMO-00189,2026-08-07,Compact A,C,Body,PASS,None,0,2026-08-07T16:00:00
DEMO-00134-1,DEMO-00134,2026-08-05,Compact B,B,Body,PASS,None,0,2026-08-05T16:00:00
DEMO-00570-1,DEMO-00570,2026-08-19,Compact B,C,Body,PASS,None,0,2026-08-19T16:00:00
DEMO-00251-1,DEMO-00251,2026-08-09,Compact A,B,Body,PASS,None,0,2026-08-09T16:00:00
DEMO-00164-2,DEMO-00164,2026-08-06,Compact B,B,Paint,PASS,None,0,2026-08-06T16:00:00
DEMO-00005-3,DEMO-00005,2026-08-01,Compact A,B,Final,PASS,None,0,2026-08-01T16:00:00
DEMO-00608-3,DEMO-00608,2026-08-21,Compact B,B,Final,FAIL,Fit and finish,40,2026-08-21T16:00:00
DEMO-00509-2,DEMO-00509,2026-08-17,Compact A,B,Paint,PASS,None,0,2026-08-17T16:00:00
DEMO-00771-2,DEMO-00771,2026-08-26,Compact A,C,Paint,FAIL,Paint finish,35,2026-08-26T16:00:00
DEMO-00201-2,DEMO-00201,2026-08-07,Compact A,C,Paint,PASS,None,0,2026-08-07T16:00:00
DEMO-00423-2,DEMO-00423,2026-08-15,Compact A,C,Paint,PASS,None,0,2026-08-15T16:00:00
DEMO-00024-2,DEMO-00024,2026-08-01,Compact B,C,Paint,PASS,None,0,2026-08-01T16:00:00
DEMO-00417-2,DEMO-00417,2026-08-14,Compact A,C,Paint,PASS,None,0,2026-08-14T16:00:00
DEMO-00131-2,DEMO-00131,2026-08-05,Compact A,B,Paint,PASS,None,0,2026-08-05T16:00:00
DEMO-00268-1,DEMO-00268,2026-08-09,Compact B,A,Body,FAIL,Panel gap,9,2026-08-09T16:00:00
DEMO-00523-2,DEMO-00523,2026-08-18,Compact A,A,Paint,PASS,None,0,2026-08-18T16:00:00
DEMO-00584-1,DEMO-00584,2026-08-20,Compact B,B,Body,FAIL,Weld appearance,15,2026-08-20T16:00:00
DEMO-00250-1,DEMO-00250,2026-08-09,Compact B,A,Body,PASS,None,0,2026-08-09T16:00:00
DEMO-00596-1,DEMO-00596,2026-08-20,Compact B,B,Body,PASS,None,0,2026-08-20T16:00:00
DEMO-00003-3,DEMO-00003,2026-08-01,Compact A,C,Final,PASS,None,0,2026-08-01T16:00:00
DEMO-00603-2,DEMO-00603,2026-08-21,Compact A,C,Paint,PASS,None,0,2026-08-21T16:00:00
DEMO-00448-1,DEMO-00448,2026-08-15,Compact B,A,Body,PASS,None,0,2026-08-15T16:00:00
DEMO-00464-1,DEMO-00464,2026-08-16,Compact B,B,Body,PASS,None,0,2026-08-16T16:00:00
DEMO-00554-3,DEMO-00554,2026-08-19,Compact B,B,Final,PASS,None,0,2026-08-19T16:00:00
DEMO-00562-3,DEMO-00562,2026-08-19,Compact B,A,Final,PASS,None,0,2026-08-19T16:00:00
DEMO-00730-1,DEMO-00730,2026-08-25,Compact B,A,Body,PASS,None,0,2026-08-25T16:00:00
DEMO-00389-1,DEMO-00389,2026-08-13,Compact A,B,Body,PASS,None,0,2026-08-13T16:00:00
DEMO-00298-2,DEMO-00298,2026-08-10,Compact B,A,Paint,PASS,None,0,2026-08-10T16:00:00
DEMO-00650-2,DEMO-00650,2026-08-22,Compact B,B,Paint,PASS,None,0,2026-08-22T16:00:00
DEMO-00454-1,DEMO-00454,2026-08-16,Compact B,A,Body,FAIL,Panel gap,9,2026-08-16T16:00:00
DEMO-00124-1,DEMO-00124,2026-08-05,Compact B,A,Body,PASS,None,0,2026-08-05T16:00:00
DEMO-00039-3,DEMO-00039,2026-08-02,Compact A,C,Final,PASS,None,0,2026-08-02T16:00:00
DEMO-00595-2,DEMO-00595,2026-08-20,Compact A,A,Paint,PASS,None,0,2026-08-20T16:00:00
DEMO-00691-2,DEMO-00691,2026-08-24,Compact A,A,Paint,PASS,None,0,2026-08-24T16:00:00
DEMO-00034-1,DEMO-00034,2026-08-02,Compact B,A,Body,PASS,None,0,2026-08-02T16:00:00
DEMO-00185-3,DEMO-00185,2026-08-07,Compact A,B,Final,PASS,None,0,2026-08-07T16:00:00
DEMO-00320-3,DEMO-00320,2026-08-11,Compact B,B,Final,PASS,None,0,2026-08-11T16:00:00
DEMO-00651-3,DEMO-00651,2026-08-22,Compact A,C,Final,PASS,None,0,2026-08-22T16:00:00
DEMO-00336-2,DEMO-00336,2026-08-12,Compact B,C,Paint,PASS,None,0,2026-08-12T16:00:00
DEMO-00232-2,DEMO-00232,2026-08-08,Compact B,A,Paint,PASS,None,0,2026-08-08T16:00:00
DEMO-00459-1,DEMO-00459,2026-08-16,Compact A,C,Body,PASS,None,0,2026-08-16T16:00:00
DEMO-00381-2,DEMO-00381,2026-08-13,Compact A,C,Paint,PASS,None,0,2026-08-13T16:00:00
DEMO-00062-2,DEMO-00062,2026-08-03,Compact B,B,Paint,PASS,None,0,2026-08-03T16:00:00
DEMO-00395-3,DEMO-00395,2026-08-14,Compact A,B,Final,PASS,None,0,2026-08-14T16:00:00
DEMO-00439-2,DEMO-00439,2026-08-15,Compact A,A,Paint,PASS,None,0,2026-08-15T16:00:00
DEMO-00288-2,DEMO-00288,2026-08-10,Compact B,C,Paint,FAIL,Paint finish,17,2026-08-10T16:00:00
DEMO-00020-2,DEMO-00020,2026-08-01,Compact B,B,Paint,PASS,None,0,2026-08-01T16:00:00
DEMO-00788-2,DEMO-00788,2026-08-27,Compact B,B,Paint,FAIL,Paint finish,32,2026-08-27T16:00:00
DEMO-00365-3,DEMO-00365,2026-08-13,Compact A,B,Final,PASS,None,0,2026-08-13T16:00:00
DEMO-00404-1,DEMO-00404,2026-08-14,Compact B,B,Body,PASS,None,0,2026-08-14T16:00:00
DEMO-00455-1,DEMO-00455,2026-08-16,Compact A,B,Body,FAIL,Panel gap,42,2026-08-16T16:00:00
DEMO-00555-3,DEMO-00555,2026-08-19,Compact A,C,Final,PASS,None,0,2026-08-19T16:00:00
DEMO-00761-2,DEMO-00761,2026-08-26,Compact A,B,Paint,PASS,None,0,2026-08-26T16:00:00
DEMO-00154-3,DEMO-00154,2026-08-06,Compact B,A,Final,PASS,None,0,2026-08-06T16:00:00
DEMO-00007-2,DEMO-00007,2026-08-01,Compact A,A,Paint,FAIL,Paint finish,30,2026-08-01T16:00:00
DEMO-00064-3,DEMO-00064,2026-08-03,Compact B,A,Final,PASS,None,0,2026-08-03T16:00:00
DEMO-00378-2,DEMO-00378,2026-08-13,Compact B,C,Paint,PASS,None,0,2026-08-13T16:00:00
DEMO-00806-1,DEMO-00806,2026-08-27,Compact B,B,Body,PASS,None,0,2026-08-27T16:00:00
DEMO-00834-3,DEMO-00834,2026-08-28,Compact B,C,Final,PASS,None,0,2026-08-28T16:00:00
DEMO-00440-1,DEMO-00440,2026-08-15,Compact B,B,Body,FAIL,Panel gap,42,2026-08-15T16:00:00
DEMO-00657-2,DEMO-00657,2026-08-22,Compact A,C,Paint,PASS,None,0,2026-08-22T16:00:00
DEMO-00164-3,DEMO-00164,2026-08-06,Compact B,B,Final,PASS,None,0,2026-08-06T16:00:00
DEMO-00339-3,DEMO-00339,2026-08-12,Compact A,C,Final,PASS,None,0,2026-08-12T16:00:00
DEMO-00475-2,DEMO-00475,2026-08-16,Compact A,A,Paint,FAIL,Paint finish,23,2026-08-16T16:00:00
DEMO-00778-1,DEMO-00778,2026-08-26,Compact B,A,Body,PASS,None,0,2026-08-26T16:00:00
DEMO-00344-2,DEMO-00344,2026-08-12,Compact B,B,Paint,PASS,None,0,2026-08-12T16:00:00
DEMO-00610-3,DEMO-00610,2026-08-21,Compact B,A,Final,PASS,None,0,2026-08-21T16:00:00
DEMO-00329-1,DEMO-00329,2026-08-11,Compact A,B,Body,PASS,None,0,2026-08-11T16:00:00
DEMO-00672-2,DEMO-00672,2026-08-23,Compact B,C,Paint,PASS,None,0,2026-08-23T16:00:00
DEMO-00439-3,DEMO-00439,2026-08-15,Compact A,A,Final,PASS,None,0,2026-08-15T16:00:00
DEMO-00002-1,DEMO-00002,2026-08-01,Compact B,B,Body,PASS,None,0,2026-08-01T16:00:00
DEMO-00178-3,DEMO-00178,2026-08-06,Compact B,A,Final,PASS,None,0,2026-08-06T16:00:00
DEMO-00201-1,DEMO-00201,2026-08-07,Compact A,C,Body,FAIL,Panel gap,28,2026-08-07T16:00:00
DEMO-00462-2,DEMO-00462,2026-08-16,Compact B,C,Paint,PASS,None,0,2026-08-16T16:00:00
DEMO-00571-1,DEMO-00571,2026-08-20,Compact A,A,Body,PASS,None,0,2026-08-20T16:00:00
DEMO-00284-1,DEMO-00284,2026-08-10,Compact B,B,Body,PASS,None,0,2026-08-10T16:00:00
DEMO-00256-3,DEMO-00256,2026-08-09,Compact B,A,Final,PASS,None,0,2026-08-09T16:00:00
DEMO-00576-1,DEMO-00576,2026-08-20,Compact B,C,Body,PASS,None,0,2026-08-20T16:00:00
DEMO-00183-2,DEMO-00183,2026-08-07,Compact A,C,Paint,PASS,None,0,2026-08-07T16:00:00
DEMO-00128-3,DEMO-00128,2026-08-05,Compact B,B,Final,PASS,None,0,2026-08-05T16:00:00
DEMO-00780-3,DEMO-00780,2026-08-26,Compact B,C,Final,PASS,None,0,2026-08-26T16:00:00
DEMO-00224-1,DEMO-00224,2026-08-08,Compact B,B,Body,PASS,None,0,2026-08-08T16:00:00
DEMO-00051-1,DEMO-00051,2026-08-02,Compact A,C,Body,PASS,None,0,2026-08-02T16:00:00
DEMO-00154-2,DEMO-00154,2026-08-06,Compact B,A,Paint,PASS,None,0,2026-08-06T16:00:00
DEMO-00760-3,DEMO-00760,2026-08-26,Compact B,A,Final,PASS,None,0,2026-08-26T16:00:00
DEMO-00325-3,DEMO-00325,2026-08-11,Compact A,A,Final,PASS,None,0,2026-08-11T16:00:00
DEMO-00085-2,DEMO-00085,2026-08-03,Compact A,A,Paint,PASS,None,0,2026-08-03T16:00:00
DEMO-00263-3,DEMO-00263,2026-08-09,Compact A,B,Final,PASS,None,0,2026-08-09T16:00:00
DEMO-00211-2,DEMO-00211,2026-08-08,Compact A,A,Paint,PASS,None,0,2026-08-08T16:00:00
DEMO-00627-1,DEMO-00627,2026-08-21,Compact A,C,Body,PASS,None,0,2026-08-21T16:00:00
DEMO-00450-2,DEMO-00450,2026-08-15,Compact B,C,Paint,PASS,None,0,2026-08-15T16:00:00
DEMO-00319-2,DEMO-00319,2026-08-11,Compact A,A,Paint,FAIL,Paint finish,15,2026-08-11T16:00:00
DEMO-00262-1,DEMO-00262,2026-08-09,Compact B,A,Body,PASS,None,0,2026-08-09T16:00:00
DEMO-00153-1,DEMO-00153,2026-08-06,Compact A,C,Body,PASS,None,0,2026-08-06T16:00:00
DEMO-00100-1,DEMO-00100,2026-08-04,Compact B,A,Body,PASS,None,0,2026-08-04T16:00:00
DEMO-00243-2,DEMO-00243,2026-08-09,Compact A,C,Paint,PASS,None,0,2026-08-09T16:00:00
DEMO-00665-2,DEMO-00665,2026-08-23,Compact A,B,Paint,PASS,None,0,2026-08-23T16:00:00
DEMO-00369-1,DEMO-00369,2026-08-13,Compact A,C,Body,PASS,None,0,2026-08-13T16:00:00
DEMO-00358-2,DEMO-00358,2026-08-12,Compact B,A,Paint,PASS,None,0,2026-08-12T16:00:00
DEMO-00743-2,DEMO-00743,2026-08-25,Compact A,B,Paint,PASS,None,0,2026-08-25T16:00:00
DEMO-00038-2,DEMO-00038,2026-08-02,Compact B,B,Paint,FAIL,Surface inclusion,34,2026-08-02T16:00:00
DEMO-00053-2,DEMO-00053,2026-08-02,Compact A,B,Paint,FAIL,Surface inclusion,33,2026-08-02T16:00:00
DEMO-00006-1,DEMO-00006,2026-08-01,Compact B,C,Body,PASS,None,0,2026-08-01T16:00:00
DEMO-00562-2,DEMO-00562,2026-08-19,Compact B,A,Paint,PASS,None,0,2026-08-19T16:00:00
DEMO-00146-1,DEMO-00146,2026-08-05,Compact B,B,Body,PASS,None,0,2026-08-05T16:00:00
DEMO-00234-1,DEMO-00234,2026-08-08,Compact B,C,Body,FAIL,Weld appearance,17,2026-08-08T16:00:00
DEMO-00579-3,DEMO-00579,2026-08-20,Compact A,C,Final,PASS,None,0,2026-08-20T16:00:00
DEMO-00650-3,DEMO-00650,2026-08-22,Compact B,B,Final,PASS,None,0,2026-08-22T16:00:00
DEMO-00188-2,DEMO-00188,2026-08-07,Compact B,B,Paint,PASS,None,0,2026-08-07T16:00:00
DEMO-00816-2,DEMO-00816,2026-08-28,Compact B,C,Paint,PASS,None,0,2026-08-28T16:00:00
DEMO-00720-1,DEMO-00720,2026-08-24,Compact B,C,Body,FAIL,Weld appearance,39,2026-08-24T16:00:00
DEMO-00338-2,DEMO-00338,2026-08-12,Compact B,B,Paint,FAIL,Surface inclusion,18,2026-08-12T16:00:00
DEMO-00730-2,DEMO-00730,2026-08-25,Compact B,A,Paint,PASS,None,0,2026-08-25T16:00:00
DEMO-00486-1,DEMO-00486,2026-08-17,Compact B,C,Body,PASS,None,0,2026-08-17T16:00:00
DEMO-00234-3,DEMO-00234,2026-08-08,Compact B,C,Final,PASS,None,0,2026-08-08T16:00:00
DEMO-00616-1,DEMO-00616,2026-08-21,Compact B,A,Body,PASS,None,0,2026-08-21T16:00:00
DEMO-00522-1,DEMO-00522,2026-08-18,Compact B,C,Body,PASS,None,0,2026-08-18T16:00:00
DEMO-00731-1,DEMO-00731,2026-08-25,Compact A,B,Body,PASS,None,0,2026-08-25T16:00:00
DEMO-00415-2,DEMO-00415,2026-08-14,Compact A,A,Paint,PASS,None,0,2026-08-14T16:00:00
DEMO-00402-1,DEMO-00402,2026-08-14,Compact B,C,Body,PASS,None,0,2026-08-14T16:00:00
DEMO-00442-1,DEMO-00442,2026-08-15,Compact B,A,Body,PASS,None,0,2026-08-15T16:00:00
DEMO-00227-1,DEMO-00227,2026-08-08,Compact A,B,Body,PASS,None,0,2026-08-08T16:00:00
DEMO-00035-3,DEMO-00035,2026-08-02,Compact A,B,Final,PASS,None,0,2026-08-02T16:00:00
DEMO-00736-2,DEMO-00736,2026-08-25,Compact B,A,Paint,FAIL,Paint finish,15,2026-08-25T16:00:00
DEMO-00604-1,DEMO-00604,2026-08-21,Compact B,A,Body,PASS,None,0,2026-08-21T16:00:00
DEMO-00187-3,DEMO-00187,2026-08-07,Compact A,A,Final,PASS,None,0,2026-08-07T16:00:00
DEMO-00813-2,DEMO-00813,2026-08-28,Compact A,C,Paint,PASS,None,0,2026-08-28T16:00:00
DEMO-00635-3,DEMO-00635,2026-08-22,Compact A,B,Final,PASS,None,0,2026-08-22T16:00:00
DEMO-00129-3,DEMO-00129,2026-08-05,Compact A,C,Final,PASS,None,0,2026-08-05T16:00:00
DEMO-00258-1,DEMO-00258,2026-08-09,Compact B,C,Body,PASS,None,0,2026-08-09T16:00:00
DEMO-00291-3,DEMO-00291,2026-08-10,Compact A,C,Final,PASS,None,0,2026-08-10T16:00:00
DEMO-00732-1,DEMO-00732,2026-08-25,Compact B,C,Body,PASS,None,0,2026-08-25T16:00:00
DEMO-00637-3,DEMO-00637,2026-08-22,Compact A,A,Final,PASS,None,0,2026-08-22T16:00:00
DEMO-00551-1,DEMO-00551,2026-08-19,Compact A,B,Body,FAIL,Panel gap,36,2026-08-19T16:00:00
DEMO-00058-3,DEMO-00058,2026-08-02,Compact B,A,Final,PASS,None,0,2026-08-02T16:00:00
DEMO-00262-3,DEMO-00262,2026-08-09,Compact B,A,Final,PASS,None,0,2026-08-09T16:00:00
DEMO-00344-1,DEMO-00344,2026-08-12,Compact B,B,Body,PASS,None,0,2026-08-12T16:00:00
DEMO-00592-1,DEMO-00592,2026-08-20,Compact B,A,Body,PASS,None,0,2026-08-20T16:00:00
DEMO-00524-2,DEMO-00524,2026-08-18,Compact B,B,Paint,PASS,None,0,2026-08-18T16:00:00
DEMO-00354-3,DEMO-00354,2026-08-12,Compact B,C,Final,PASS,None,0,2026-08-12T16:00:00
DEMO-00254-2,DEMO-00254,2026-08-09,Compact B,B,Paint,PASS,None,0,2026-08-09T16:00:00
DEMO-00548-3,DEMO-00548,2026-08-19,Compact B,B,Final,PASS,None,0,2026-08-19T16:00:00
DEMO-00130-2,DEMO-00130,2026-08-05,Compact B,A,Paint,PASS,None,0,2026-08-05T16:00:00
DEMO-00045-2,DEMO-00045,2026-08-02,Compact A,C,Paint,PASS,None,0,2026-08-02T16:00:00
DEMO-00259-3,DEMO-00259,2026-08-09,Compact A,A,Final,PASS,None,0,2026-08-09T16:00:00
DEMO-00078-1,DEMO-00078,2026-08-03,Compact B,C,Body,PASS,None,0,2026-08-03T16:00:00
DEMO-00111-1,DEMO-00111,2026-08-04,Compact A,C,Body,PASS,None,0,2026-08-04T16:00:00
DEMO-00835-1,DEMO-00835,2026-08-28,Compact A,A,Body,PASS,None,0,2026-08-28T16:00:00
DEMO-00295-3,DEMO-00295,2026-08-10,Compact A,A,Final,PASS,None,0,2026-08-10T16:00:00
DEMO-00588-2,DEMO-00588,2026-08-20,Compact B,C,Paint,PASS,None,0,2026-08-20T16:00:00
DEMO-00155-1,DEMO-00155,2026-08-06,Compact A,B,Body,PASS,None,0,2026-08-06T16:00:00
DEMO-00092-3,DEMO-00092,2026-08-04,Compact B,B,Final,PASS,None,0,2026-08-04T16:00:00
DEMO-00245-3,DEMO-00245,2026-08-09,Compact A,B,Final,PASS,None,0,2026-08-09T16:00:00
DEMO-00680-1,DEMO-00680,2026-08-23,Compact B,B,Body,PASS,None,0,2026-08-23T16:00:00
DEMO-00444-1,DEMO-00444,2026-08-15,Compact B,C,Body,PASS,None,0,2026-08-15T16:00:00
DEMO-00546-1,DEMO-00546,2026-08-19,Compact B,C,Body,PASS,None,0,2026-08-19T16:00:00
DEMO-00426-3,DEMO-00426,2026-08-15,Compact B,C,Final,PASS,None,0,2026-08-15T16:00:00
DEMO-00688-2,DEMO-00688,2026-08-23,Compact B,A,Paint,PASS,None,0,2026-08-23T16:00:00
DEMO-00572-1,DEMO-00572,2026-08-20,Compact B,B,Body,PASS,None,0,2026-08-20T16:00:00
DEMO-00066-1,DEMO-00066,2026-08-03,Compact B,C,Body,PASS,None,0,2026-08-03T16:00:00
DEMO-00007-2,DEMO-00007,2026-08-01,Compact A,A,Paint,PASS,None,0,2026-08-01T08:00:00
DEMO-00607-3,DEMO-00607,2026-08-21,Compact A,A,Final,PASS,None,0,2026-08-21T16:00:00
DEMO-00323-1,DEMO-00323,2026-08-11,Compact A,B,Body,PASS,None,0,2026-08-11T16:00:00
DEMO-00636-3,DEMO-00636,2026-08-22,Compact B,C,Final,PASS,None,0,2026-08-22T16:00:00
DEMO-00491-2,DEMO-00491,2026-08-17,Compact A,B,Paint,FAIL,Surface inclusion,42,2026-08-17T16:00:00
DEMO-00527-1,DEMO-00527,2026-08-18,Compact A,B,Body,PASS,None,0,2026-08-18T16:00:00
DEMO-00030-3,DEMO-00030,2026-08-01,Compact B,C,Final,FAIL,Fit and finish,40,2026-08-01T16:00:00
DEMO-00606-3,DEMO-00606,2026-08-21,Compact B,C,Final,PASS,None,0,2026-08-21T16:00:00
DEMO-00126-1,DEMO-00126,2026-08-05,Compact B,C,Body,FAIL,Panel gap,16,2026-08-05T16:00:00
DEMO-00116-3,DEMO-00116,2026-08-04,Compact B,B,Final,PASS,None,0,2026-08-04T16:00:00
DEMO-00630-2,DEMO-00630,2026-08-21,Compact B,C,Paint,FAIL,Paint finish,9,2026-08-21T16:00:00
DEMO-00333-2,DEMO-00333,2026-08-12,Compact A,C,Paint,PASS,None,0,2026-08-12T16:00:00
DEMO-00073-1,DEMO-00073,2026-08-03,Compact A,A,Body,FAIL,Panel gap,46,2026-08-03T16:00:00
DEMO-00270-3,DEMO-00270,2026-08-09,Compact B,C,Final,PASS,None,0,2026-08-09T16:00:00
DEMO-00123-1,DEMO-00123,2026-08-05,Compact A,C,Body,PASS,None,0,2026-08-05T16:00:00
DEMO-00692-3,DEMO-00692,2026-08-24,Compact B,B,Final,PASS,None,0,2026-08-24T16:00:00
DEMO-00719-3,DEMO-00719,2026-08-24,Compact A,B,Final,PASS,None,0,2026-08-24T16:00:00
DEMO-00513-2,DEMO-00513,2026-08-18,Compact A,C,Paint,PASS,None,0,2026-08-18T16:00:00
DEMO-00736-1,DEMO-00736,2026-08-25,Compact B,A,Body,PASS,None,0,2026-08-25T16:00:00
DEMO-00163-1,DEMO-00163,2026-08-06,Compact A,A,Body,PASS,None,0,2026-08-06T16:00:00
DEMO-00039-2,DEMO-00039,2026-08-02,Compact A,C,Paint,PASS,None,0,2026-08-02T16:00:00
DEMO-00551-3,DEMO-00551,2026-08-19,Compact A,B,Final,PASS,None,0,2026-08-19T16:00:00
DEMO-00268-2,DEMO-00268,2026-08-09,Compact B,A,Paint,FAIL,Paint finish,39,2026-08-09T16:00:00
DEMO-00511-3,DEMO-00511,2026-08-18,Compact A,A,Final,PASS,None,0,2026-08-18T16:00:00
DEMO-00762-3,DEMO-00762,2026-08-26,Compact B,C,Final,PASS,None,0,2026-08-26T16:00:00
DEMO-00069-1,DEMO-00069,2026-08-03,Compact A,C,Body,PASS,None,0,2026-08-03T16:00:00
DEMO-00377-2,DEMO-00377,2026-08-13,Compact A,B,Paint,PASS,None,0,2026-08-13T16:00:00
DEMO-00432-1,DEMO-00432,2026-08-15,Compact B,C,Body,PASS,None,0,2026-08-15T16:00:00
DEMO-00634-2,DEMO-00634,2026-08-22,Compact B,A,Paint,FAIL,Paint finish,18,2026-08-22T16:00:00
DEMO-00491-3,DEMO-00491,2026-08-17,Compact A,B,Final,PASS,None,0,2026-08-17T16:00:00
DEMO-00169-3,DEMO-00169,2026-08-06,Compact A,A,Final,PASS,None,0,2026-08-06T16:00:00
DEMO-00634-1,DEMO-00634,2026-08-22,Compact B,A,Body,FAIL,Weld appearance,26,2026-08-22T16:00:00
DEMO-00384-1,DEMO-00384,2026-08-13,Compact B,C,Body,PASS,None,0,2026-08-13T16:00:00
DEMO-00815-2,DEMO-00815,2026-08-28,Compact A,B,Paint,PASS,None,0,2026-08-28T16:00:00
DEMO-00807-3,DEMO-00807,2026-08-27,Compact A,C,Final,PASS,None,0,2026-08-27T16:00:00
DEMO-00543-3,DEMO-00543,2026-08-19,Compact A,C,Final,PASS,None,0,2026-08-19T16:00:00
DEMO-00204-1,DEMO-00204,2026-08-07,Compact B,C,Body,PASS,None,0,2026-08-07T16:00:00
DEMO-00216-2,DEMO-00216,2026-08-08,Compact B,C,Paint,PASS,None,0,2026-08-08T16:00:00
DEMO-00132-2,DEMO-00132,2026-08-05,Compact B,C,Paint,PASS,None,0,2026-08-05T16:00:00
DEMO-00661-2,DEMO-00661,2026-08-23,Compact A,A,Paint,PASS,None,0,2026-08-23T16:00:00
DEMO-00088-3,DEMO-00088,2026-08-03,Compact B,A,Final,PASS,None,0,2026-08-03T16:00:00
DEMO-00074-3,DEMO-00074,2026-08-03,Compact B,B,Final,PASS,None,0,2026-08-03T16:00:00
DEMO-00035-1,DEMO-00035,2026-08-02,Compact A,B,Body,FAIL,Panel gap,9,2026-08-02T16:00:00
DEMO-00298-1,DEMO-00298,2026-08-10,Compact B,A,Body,PASS,None,0,2026-08-10T16:00:00
DEMO-00038-1,DEMO-00038,2026-08-02,Compact B,B,Body,PASS,None,0,2026-08-02T16:00:00
DEMO-00120-3,DEMO-00120,2026-08-04,Compact B,C,Final,PASS,None,0,2026-08-04T16:00:00
DEMO-00185-1,DEMO-00185,2026-08-07,Compact A,B,Body,PASS,None,0,2026-08-07T16:00:00
DEMO-00608-2,DEMO-00608,2026-08-21,Compact B,B,Paint,PASS,None,0,2026-08-21T16:00:00
DEMO-00009-3,DEMO-00009,2026-08-01,Compact A,C,Final,PASS,None,0,2026-08-01T08:00:00
DEMO-00833-1,DEMO-00833,2026-08-28,Compact A,B,Body,PASS,None,0,2026-08-28T16:00:00
DEMO-00277-2,DEMO-00277,2026-08-10,Compact A,A,Paint,PASS,None,0,2026-08-10T16:00:00
DEMO-00235-2,DEMO-00235,2026-08-08,Compact A,A,Paint,PASS,None,0,2026-08-08T16:00:00
DEMO-00365-1,DEMO-00365,2026-08-13,Compact A,B,Body,PASS,None,0,2026-08-13T16:00:00
DEMO-00394-2,DEMO-00394,2026-08-14,Compact B,A,Paint,PASS,None,0,2026-08-14T16:00:00
DEMO-00597-1,DEMO-00597,2026-08-20,Compact A,C,Body,PASS,None,0,2026-08-20T16:00:00
DEMO-00123-2,DEMO-00123,2026-08-05,Compact A,C,Paint,FAIL,Paint finish,42,2026-08-05T16:00:00
DEMO-00709-1,DEMO-00709,2026-08-24,Compact A,A,Body,PASS,None,0,2026-08-24T16:00:00
DEMO-00655-3,DEMO-00655,2026-08-22,Compact A,A,Final,PASS,None,0,2026-08-22T16:00:00
DEMO-00002-2,DEMO-00002,2026-08-01,Compact B,B,Paint,PASS,None,0,2026-08-01T16:00:00
DEMO-00231-2,DEMO-00231,2026-08-08,Compact A,C,Paint,PASS,None,0,2026-08-08T16:00:00
DEMO-00809-3,DEMO-00809,2026-08-27,Compact A,B,Final,PASS,None,0,2026-08-27T16:00:00
DEMO-00809-1,DEMO-00809,2026-08-27,Compact A,B,Body,FAIL,Weld appearance,20,2026-08-27T16:00:00
DEMO-00434-3,DEMO-00434,2026-08-15,Compact B,B,Final,PASS,None,0,2026-08-15T16:00:00
DEMO-00414-1,DEMO-00414,2026-08-14,Compact B,C,Body,FAIL,Panel gap,20,2026-08-14T16:00:00
DEMO-00106-1,DEMO-00106,2026-08-04,Compact B,A,Body,PASS,None,0,2026-08-04T16:00:00
DEMO-00779-1,DEMO-00779,2026-08-26,Compact A,B,Body,PASS,None,0,2026-08-26T16:00:00
DEMO-00315-1,DEMO-00315,2026-08-11,Compact A,C,Body,PASS,None,0,2026-08-11T16:00:00
DEMO-00837-2,DEMO-00837,2026-08-28,Compact A,C,Paint,PASS,None,0,2026-08-28T16:00:00
DEMO-00837-1,DEMO-00837,2026-08-28,Compact A,C,Body,PASS,None,0,2026-08-28T16:00:00
DEMO-00391-2,DEMO-00391,2026-08-14,Compact A,A,Paint,PASS,None,0,2026-08-14T16:00:00
DEMO-00612-1,DEMO-00612,2026-08-21,Compact B,C,Body,PASS,None,0,2026-08-21T16:00:00
DEMO-00498-1,DEMO-00498,2026-08-17,Compact B,C,Body,PASS,None,0,2026-08-17T16:00:00
DEMO-00546-2,DEMO-00546,2026-08-19,Compact B,C,Paint,PASS,None,0,2026-08-19T16:00:00
DEMO-00467-3,DEMO-00467,2026-08-16,Compact A,B,Final,PASS,None,0,2026-08-16T16:00:00
DEMO-00662-3,DEMO-00662,2026-08-23,Compact B,B,Final,FAIL,Fit and finish,34,2026-08-23T16:00:00
DEMO-00253-3,DEMO-00253,2026-08-09,Compact A,A,Final,PASS,None,0,2026-08-09T16:00:00
DEMO-00412-1,DEMO-00412,2026-08-14,Compact B,A,Body,PASS,None,0,2026-08-14T16:00:00
DEMO-00777-1,DEMO-00777,2026-08-26,Compact A,C,Body,PASS,None,0,2026-08-26T16:00:00
DEMO-00261-2,DEMO-00261,2026-08-09,Compact A,C,Paint,PASS,None,0,2026-08-09T16:00:00
DEMO-00091-2,DEMO-00091,2026-08-04,Compact A,A,Paint,PASS,None,0,2026-08-04T16:00:00
DEMO-00751-2,DEMO-00751,2026-08-26,Compact A,A,Paint,PASS,None,0,2026-08-26T16:00:00
DEMO-00014-2,DEMO-00014,2026-08-01,Compact B,B,Paint,PASS,None,0,2026-08-01T16:00:00
DEMO-00461-2,DEMO-00461,2026-08-16,Compact A,B,Paint,PASS,None,0,2026-08-16T16:00:00
DEMO-00372-1,DEMO-00372,2026-08-13,Compact B,C,Body,PASS,None,0,2026-08-13T16:00:00
DEMO-00541-2,DEMO-00541,2026-08-19,Compact A,A,Paint,PASS,None,0,2026-08-19T16:00:00
DEMO-00759-1,DEMO-00759,2026-08-26,Compact A,C,Body,PASS,None,0,2026-08-26T16:00:00
DEMO-00579-2,DEMO-00579,2026-08-20,Compact A,C,Paint,PASS,None,0,2026-08-20T16:00:00
DEMO-00455-2,DEMO-00455,2026-08-16,Compact A,B,Paint,PASS,None,0,2026-08-16T16:00:00
DEMO-00711-3,DEMO-00711,2026-08-24,Compact A,C,Final,PASS,None,0,2026-08-24T16:00:00
DEMO-00492-2,DEMO-00492,2026-08-17,Compact B,C,Paint,PASS,None,0,2026-08-17T16:00:00
DEMO-00278-2,DEMO-00278,2026-08-10,Compact B,B,Paint,PASS,None,0,2026-08-10T16:00:00
DEMO-00560-1,DEMO-00560,2026-08-19,Compact B,B,Body,FAIL,Panel gap,20,2026-08-19T16:00:00
DEMO-00487-3,DEMO-00487,2026-08-17,Compact A,A,Final,PASS,None,0,2026-08-17T16:00:00
DEMO-00560-2,DEMO-00560,2026-08-19,Compact B,B,Paint,PASS,None,0,2026-08-19T16:00:00
DEMO-00453-3,DEMO-00453,2026-08-16,Compact A,C,Final,PASS,None,0,2026-08-16T16:00:00
DEMO-00044-1,DEMO-00044,2026-08-02,Compact B,B,Body,PASS,None,0,2026-08-02T16:00:00
DEMO-00635-2,DEMO-00635,2026-08-22,Compact A,B,Paint,PASS,None,0,2026-08-22T16:00:00
DEMO-00767-1,DEMO-00767,2026-08-26,Compact A,B,Body,PASS,None,0,2026-08-26T16:00:00
DEMO-00271-3,DEMO-00271,2026-08-10,Compact A,A,Final,FAIL,Function check,22,2026-08-10T16:00:00
DEMO-00750-2,DEMO-00750,2026-08-25,Compact B,C,Paint,PASS,None,0,2026-08-25T16:00:00
DEMO-00348-2,DEMO-00348,2026-08-12,Compact B,C,Paint,PASS,None,0,2026-08-12T16:00:00
DEMO-00010-3,DEMO-00010,2026-08-01,Compact B,A, final , pass ,None,0,2026-08-01T16:00:00
DEMO-00141-1,DEMO-00141,2026-08-05,Compact A,C,Body,PASS,None,0,2026-08-05T16:00:00
DEMO-00515-1,DEMO-00515,2026-08-18,Compact A,B,Body,PASS,None,0,2026-08-18T16:00:00
DEMO-00406-2,DEMO-00406,2026-08-14,Compact B,A,Paint,PASS,None,0,2026-08-14T16:00:00
DEMO-00038-3,DEMO-00038,2026-08-02,Compact B,B,Final,PASS,None,0,2026-08-02T16:00:00
DEMO-00792-3,DEMO-00792,2026-08-27,Compact B,C,Final,PASS,None,0,2026-08-27T16:00:00
DEMO-00196-3,DEMO-00196,2026-08-07,Compact B,A,Final,PASS,None,0,2026-08-07T16:00:00
DEMO-00099-2,DEMO-00099,2026-08-04,Compact A,C,Paint,FAIL,Paint finish,46,2026-08-04T16:00:00
DEMO-00518-3,DEMO-00518,2026-08-18,Compact B,B,Final,PASS,None,0,2026-08-18T16:00:00
DEMO-00024-3,DEMO-00024,2026-08-01,Compact B,C,Final,PASS,None,0,2026-08-01T16:00:00
DEMO-00161-1,DEMO-00161,2026-08-06,Compact A,B,Body,PASS,None,0,2026-08-06T16:00:00
DEMO-00298-3,DEMO-00298,2026-08-10,Compact B,A,Final,PASS,None,0,2026-08-10T16:00:00
DEMO-00026-2,DEMO-00026,2026-08-01,Compact B,B,Paint,PASS,None,0,2026-08-01T16:00:00
DEMO-00145-3,DEMO-00145,2026-08-05,Compact A,A,Final,PASS,None,0,2026-08-05T16:00:00
DEMO-00773-2,DEMO-00773,2026-08-26,Compact A,B,Paint,PASS,None,0,2026-08-26T16:00:00
DEMO-00779-3,DEMO-00779,2026-08-26,Compact A,B,Final,PASS,None,0,2026-08-26T16:00:00
DEMO-00377-1,DEMO-00377,2026-08-13,Compact A,B,Body,PASS,None,0,2026-08-13T16:00:00
DEMO-00319-3,DEMO-00319,2026-08-11,Compact A,A,Final,PASS,None,0,2026-08-11T16:00:00
DEMO-00748-2,DEMO-00748,2026-08-25,Compact B,A,Paint,PASS,None,0,2026-08-25T16:00:00
DEMO-00662-2,DEMO-00662,2026-08-23,Compact B,B,Paint,FAIL,Paint finish,35,2026-08-23T16:00:00
DEMO-00022-2,DEMO-00022,2026-08-01,Compact B,A,Paint,PASS,None,0,2026-08-01T16:00:00
DEMO-00655-2,DEMO-00655,2026-08-22,Compact A,A,Paint,PASS,None,0,2026-08-22T16:00:00
DEMO-00390-2,DEMO-00390,2026-08-13,Compact B,C,Paint,PASS,None,0,2026-08-13T16:00:00
DEMO-00588-3,DEMO-00588,2026-08-20,Compact B,C,Final,PASS,None,0,2026-08-20T16:00:00
DEMO-00433-3,DEMO-00433,2026-08-15,Compact A,A,Final,FAIL,Function check,34,2026-08-15T16:00:00
DEMO-00286-3,DEMO-00286,2026-08-10,Compact B,A,Final,PASS,None,0,2026-08-10T16:00:00
DEMO-00739-3,DEMO-00739,2026-08-25,Compact A,A,Final,PASS,None,0,2026-08-25T16:00:00
DEMO-00045-3,DEMO-00045,2026-08-02,Compact A,C,Final,PASS,None,0,2026-08-02T16:00:00
DEMO-00597-2,DEMO-00597,2026-08-20,Compact A,C,Paint,PASS,None,0,2026-08-20T16:00:00
DEMO-00326-2,DEMO-00326,2026-08-11,Compact B,B,Paint,PASS,None,0,2026-08-11T16:00:00
DEMO-00363-3,DEMO-00363,2026-08-13,Compact A,C,Final,PASS,None,0,2026-08-13T16:00:00
DEMO-00087-3,DEMO-00087,2026-08-03,Compact A,C,Final,PASS,None,0,2026-08-03T16:00:00
DEMO-00477-2,DEMO-00477,2026-08-16,Compact A,C,Paint,FAIL,Surface inclusion,32,2026-08-16T16:00:00
DEMO-00775-3,DEMO-00775,2026-08-26,Compact A,A,Final,FAIL,Function check,32,2026-08-26T16:00:00
DEMO-00755-2,DEMO-00755,2026-08-26,Compact A,B,Paint,FAIL,Surface inclusion,37,2026-08-26T16:00:00
DEMO-00678-2,DEMO-00678,2026-08-23,Compact B,C,Paint,PASS,None,0,2026-08-23T16:00:00
DEMO-00625-1,DEMO-00625,2026-08-21,Compact A,A,Body,PASS,None,0,2026-08-21T16:00:00
DEMO-00531-1,DEMO-00531,2026-08-18,Compact A,C,Body,PASS,None,0,2026-08-18T16:00:00
DEMO-00001-3,DEMO-00001,2026-08-01,Compact A,A,Final,PASS,None,0,2026-08-01T16:00:00
DEMO-00794-2,DEMO-00794,2026-08-27,Compact B,B,Paint,PASS,None,0,2026-08-27T16:00:00
DEMO-00197-3,DEMO-00197,2026-08-07,Compact A,B,Final,FAIL,Fit and finish,24,2026-08-07T16:00:00
DEMO-00438-2,DEMO-00438,2026-08-15,Compact B,C,Paint,PASS,None,0,2026-08-15T16:00:00
DEMO-00288-3,DEMO-00288,2026-08-10,Compact B,C,Final,PASS,None,0,2026-08-10T16:00:00
DEMO-00030-1,DEMO-00030,2026-08-01,Compact B,C,Body,FAIL,Panel gap,34,2026-08-01T16:00:00
DEMO-00195-2,DEMO-00195,2026-08-07,Compact A,C,Paint,PASS,None,0,2026-08-07T16:00:00
DEMO-00100-3,DEMO-00100,2026-08-04,Compact B,A,Final,PASS,None,0,2026-08-04T16:00:00
DEMO-00471-3,DEMO-00471,2026-08-16,Compact A,C,Final,PASS,None,0,2026-08-16T16:00:00
DEMO-00357-2,DEMO-00357,2026-08-12,Compact A,C,Paint,PASS,None,0,2026-08-12T16:00:00
DEMO-00430-1,DEMO-00430,2026-08-15,Compact B,A,Body,PASS,None,0,2026-08-15T16:00:00
DEMO-00822-2,DEMO-00822,2026-08-28,Compact B,C,Paint,PASS,None,0,2026-08-28T16:00:00
DEMO-00768-2,DEMO-00768,2026-08-26,Compact B,C,Paint,PASS,None,0,2026-08-26T16:00:00
DEMO-00761-3,DEMO-00761,2026-08-26,Compact A,B,Final,PASS,None,0,2026-08-26T16:00:00
DEMO-00121-2,DEMO-00121,2026-08-05,Compact A,A,Paint,FAIL,Surface inclusion,16,2026-08-05T16:00:00
DEMO-00727-3,DEMO-00727,2026-08-25,Compact A,A,Final,PASS,None,0,2026-08-25T16:00:00
DEMO-00063-1,DEMO-00063,2026-08-03,Compact A,C,Body,PASS,None,0,2026-08-03T16:00:00
DEMO-00484-1,DEMO-00484,2026-08-17,Compact B,A,Body,PASS,None,0,2026-08-17T16:00:00
DEMO-00556-1,DEMO-00556,2026-08-19,Compact B,A,Body,PASS,None,0,2026-08-19T16:00:00
DEMO-00018-3,DEMO-00018,2026-08-01,Compact B,C,Final,PASS,None,0,2026-08-01T16:00:00
DEMO-00040-3,DEMO-00040,2026-08-02,Compact B,A,Final,PASS,None,0,2026-08-02T16:00:00
DEMO-00504-3,DEMO-00504,2026-08-17,Compact B,C,Final,PASS,None,0,2026-08-17T16:00:00
DEMO-00269-3,DEMO-00269,2026-08-09,Compact A,B,Final,PASS,None,0,2026-08-09T16:00:00
DEMO-00191-1,DEMO-00191,2026-08-07,Compact A,B,Body,PASS,None,0,2026-08-07T16:00:00
DEMO-00135-2,DEMO-00135,2026-08-05,Compact A,C,Paint,PASS,None,0,2026-08-05T16:00:00
DEMO-00790-3,DEMO-00790,2026-08-27,Compact B,A,Final,PASS,None,0,2026-08-27T16:00:00
DEMO-00014-1,DEMO-00014,2026-08-01,Compact B,B,Body,PASS,None,0,2026-08-01T16:00:00
DEMO-00544-2,DEMO-00544,2026-08-19,Compact B,A,Paint,FAIL,Surface inclusion,26,2026-08-19T16:00:00
DEMO-00128-2,DEMO-00128,2026-08-05,Compact B,B,Paint,PASS,None,0,2026-08-05T16:00:00
DEMO-00197-1,DEMO-00197,2026-08-07,Compact A,B,Body,PASS,None,0,2026-08-07T16:00:00
DEMO-00236-2,DEMO-00236,2026-08-08,Compact B,B,Paint,PASS,None,0,2026-08-08T16:00:00
DEMO-00450-3,DEMO-00450,2026-08-15,Compact B,C,Final,PASS,None,0,2026-08-15T16:00:00
DEMO-00755-1,DEMO-00755,2026-08-26,Compact A,B,Body,PASS,None,0,2026-08-26T16:00:00
DEMO-00698-1,DEMO-00698,2026-08-24,Compact B,B,Body,PASS,None,0,2026-08-24T16:00:00
DEMO-00069-2,DEMO-00069,2026-08-03,Compact A,C,Paint,PASS,None,0,2026-08-03T16:00:00
DEMO-00692-1,DEMO-00692,2026-08-24,Compact B,B,Body,PASS,None,0,2026-08-24T16:00:00
DEMO-00770-1,DEMO-00770,2026-08-26,Compact B,B,Body,PASS,None,0,2026-08-26T16:00:00
DEMO-00653-1,DEMO-00653,2026-08-22,Compact A,B,Body,PASS,None,0,2026-08-22T16:00:00
DEMO-00061-2,DEMO-00061,2026-08-03,Compact A,A,Paint,FAIL,Paint finish,46,2026-08-03T16:00:00
DEMO-00619-3,DEMO-00619,2026-08-21,Compact A,A,Final,PASS,None,0,2026-08-21T16:00:00
DEMO-00577-1,DEMO-00577,2026-08-20,Compact A,A,Body,PASS,None,0,2026-08-20T16:00:00
DEMO-00422-1,DEMO-00422,2026-08-15,Compact B,B,Body,PASS,None,0,2026-08-15T16:00:00
DEMO-00322-3,DEMO-00322,2026-08-11,Compact B,A,Final,PASS,None,0,2026-08-11T16:00:00
DEMO-00075-2,DEMO-00075,2026-08-03,Compact A,C,Paint,PASS,None,0,2026-08-03T16:00:00
DEMO-00012-2,DEMO-00012,2026-08-01,Compact B,C,Paint,PASS,None,0,2026-08-01T16:00:00
DEMO-00826-2,DEMO-00826,2026-08-28,Compact B,A,Paint,PASS,None,0,2026-08-28T16:00:00
DEMO-00693-3,DEMO-00693,2026-08-24,Compact A,C,Final,PASS,None,0,2026-08-24T16:00:00
DEMO-00179-1,DEMO-00179,2026-08-06,Compact A,B,Body,PASS,None,0,2026-08-06T16:00:00
DEMO-00115-1,DEMO-00115,2026-08-04,Compact A,A,Body,PASS,None,0,2026-08-04T16:00:00
DEMO-00697-1,DEMO-00697,2026-08-24,Compact A,A,Body,PASS,None,0,2026-08-24T16:00:00
DEMO-00547-3,DEMO-00547,2026-08-19,Compact A,A,Final,PASS,None,0,2026-08-19T16:00:00
DEMO-00458-3,DEMO-00458,2026-08-16,Compact B,B,Final,PASS,None,0,2026-08-16T16:00:00
DEMO-00232-1,DEMO-00232,2026-08-08,Compact B,A,Body,PASS,None,0,2026-08-08T16:00:00
DEMO-00274-1,DEMO-00274,2026-08-10,Compact B,A,Body,PASS,None,0,2026-08-10T16:00:00
DEMO-00657-1,DEMO-00657,2026-08-22,Compact A,C,Body,PASS,None,0,2026-08-22T16:00:00
DEMO-00389-2,DEMO-00389,2026-08-13,Compact A,B,Paint,PASS,None,0,2026-08-13T16:00:00
DEMO-00023-3,DEMO-00023,2026-08-01,Compact A,B,Final,PASS,None,0,2026-08-01T08:00:00
DEMO-00825-2,DEMO-00825,2026-08-28,Compact A,C,Paint,PASS,None,0,2026-08-28T16:00:00
DEMO-00280-1,DEMO-00280,2026-08-10,Compact B,A,Body,PASS,None,0,2026-08-10T16:00:00
DEMO-00566-3,DEMO-00566,2026-08-19,Compact B,B,Final,PASS,None,0,2026-08-19T16:00:00
DEMO-00728-1,DEMO-00728,2026-08-25,Compact B,B,Body,PASS,None,0,2026-08-25T16:00:00
DEMO-00830-1,DEMO-00830,2026-08-28,Compact B,B,Body,PASS,None,0,2026-08-28T16:00:00
DEMO-00474-2,DEMO-00474,2026-08-16,Compact B,C,Paint,PASS,None,0,2026-08-16T16:00:00
DEMO-00205-2,DEMO-00205,2026-08-07,Compact A,A,Paint,PASS,None,0,2026-08-07T16:00:00
DEMO-00413-1,DEMO-00413,2026-08-14,Compact A,B,Body,PASS,None,0,2026-08-14T16:00:00
DEMO-00145-1,DEMO-00145,2026-08-05,Compact A,A,Body,PASS,None,0,2026-08-05T16:00:00
DEMO-00473-2,DEMO-00473,2026-08-16,Compact A,B,Paint,PASS,None,0,2026-08-16T16:00:00
DEMO-00798-3,DEMO-00798,2026-08-27,Compact B,C,Final,PASS,None,0,2026-08-27T16:00:00
DEMO-00331-1,DEMO-00331,2026-08-12,Compact A,A,Body,PASS,None,0,2026-08-12T16:00:00
DEMO-00629-3,DEMO-00629,2026-08-21,Compact A,B,Final,FAIL,Function check,37,2026-08-21T16:00:00
DEMO-00264-3,DEMO-00264,2026-08-09,Compact B,C,Final,PASS,None,0,2026-08-09T16:00:00
DEMO-00385-3,DEMO-00385,2026-08-13,Compact A,A,Final,PASS,None,0,2026-08-13T16:00:00
DEMO-00628-1,DEMO-00628,2026-08-21,Compact B,A,Body,PASS,None,0,2026-08-21T16:00:00
DEMO-00007-1,DEMO-00007,2026-08-01,Compact A,A,Body,PASS,None,0,2026-08-01T16:00:00
DEMO-00727-2,DEMO-00727,2026-08-25,Compact A,A,Paint,PASS,None,0,2026-08-25T16:00:00
DEMO-00621-2,DEMO-00621,2026-08-21,Compact A,C,Paint,PASS,None,0,2026-08-21T16:00:00
DEMO-00091-1,DEMO-00091,2026-08-04,Compact A,A,Body,PASS,None,0,2026-08-04T16:00:00
DEMO-00132-1,DEMO-00132,2026-08-05,Compact B,C,Body,PASS,None,0,2026-08-05T16:00:00
DEMO-00544-3,DEMO-00544,2026-08-19,Compact B,A,Final,PASS,None,0,2026-08-19T16:00:00
DEMO-00618-1,DEMO-00618,2026-08-21,Compact B,C,Body,PASS,None,0,2026-08-21T16:00:00
DEMO-00799-3,DEMO-00799,2026-08-27,Compact A,A,Final,PASS,None,0,2026-08-27T16:00:00
DEMO-00824-2,DEMO-00824,2026-08-28,Compact B,B,Paint,PASS,None,0,2026-08-28T16:00:00
DEMO-00467-1,DEMO-00467,2026-08-16,Compact A,B,Body,PASS,None,0,2026-08-16T16:00:00
DEMO-00815-1,DEMO-00815,2026-08-28,Compact A,B,Body,PASS,None,0,2026-08-28T16:00:00
DEMO-00305-1,DEMO-00305,2026-08-11,Compact A,B,Body,PASS,None,0,2026-08-11T16:00:00
DEMO-00340-3,DEMO-00340,2026-08-12,Compact B,A,Final,PASS,None,0,2026-08-12T16:00:00
DEMO-00159-2,DEMO-00159,2026-08-06,Compact A,C,Paint,FAIL,Surface inclusion,24,2026-08-06T16:00:00
DEMO-00649-2,DEMO-00649,2026-08-22,Compact A,A,Paint,PASS,None,0,2026-08-22T16:00:00
DEMO-00139-3,DEMO-00139,2026-08-05,Compact A,A,Final,PASS,None,0,2026-08-05T16:00:00
DEMO-00821-2,DEMO-00821,2026-08-28,Compact A,B,Paint,PASS,None,0,2026-08-28T16:00:00
DEMO-00502-2,DEMO-00502,2026-08-17,Compact B,A,Paint,PASS,None,0,2026-08-17T16:00:00
DEMO-00593-3,DEMO-00593,2026-08-20,Compact A,B,Final,PASS,None,0,2026-08-20T16:00:00
DEMO-00043-2,DEMO-00043,2026-08-02,Compact A,A,Paint,FAIL,Surface inclusion,50,2026-08-02T16:00:00
DEMO-00264-1,DEMO-00264,2026-08-09,Compact B,C,Body,FAIL,Panel gap,23,2026-08-09T16:00:00
DEMO-00327-2,DEMO-00327,2026-08-11,Compact A,C,Paint,PASS,None,0,2026-08-11T16:00:00
DEMO-00615-2,DEMO-00615,2026-08-21,Compact A,C,Paint,PASS,None,0,2026-08-21T16:00:00
DEMO-00142-3,DEMO-00142,2026-08-05,Compact B,A,Final,PASS,None,0,2026-08-05T16:00:00
DEMO-00239-1,DEMO-00239,2026-08-08,Compact A,B,Body,FAIL,Weld appearance,31,2026-08-08T16:00:00
DEMO-00458-2,DEMO-00458,2026-08-16,Compact B,B,Paint,PASS,None,0,2026-08-16T16:00:00
DEMO-00037-3,DEMO-00037,2026-08-02,Compact A,A,Final,PASS,None,0,2026-08-02T16:00:00
DEMO-00592-2,DEMO-00592,2026-08-20,Compact B,A,Paint,FAIL,Surface inclusion,11,2026-08-20T16:00:00
DEMO-00796-1,DEMO-00796,2026-08-27,Compact B,A,Body,PASS,None,0,2026-08-27T16:00:00
DEMO-00083-3,DEMO-00083,2026-08-03,Compact A,B,Final,FAIL,Fit and finish,29,2026-08-03T16:00:00
DEMO-00348-3,DEMO-00348,2026-08-12,Compact B,C,Final,PASS,None,0,2026-08-12T16:00:00
DEMO-00630-3,DEMO-00630,2026-08-21,Compact B,C,Final,PASS,None,0,2026-08-21T16:00:00
DEMO-00277-1,DEMO-00277,2026-08-10,Compact A,A,Body,PASS,None,0,2026-08-10T16:00:00
DEMO-00630-1,DEMO-00630,2026-08-21,Compact B,C,Body,PASS,None,0,2026-08-21T16:00:00
DEMO-00015-1,DEMO-00015,2026-08-01,Compact A,C,Body,PASS,None,0,2026-08-01T16:00:00
DEMO-00542-2,DEMO-00542,2026-08-19,Compact B,B,Paint,PASS,None,0,2026-08-19T16:00:00
DEMO-00591-3,DEMO-00591,2026-08-20,Compact A,C,Final,PASS,None,0,2026-08-20T16:00:00
DEMO-00233-2,DEMO-00233,2026-08-08,Compact A,B,Paint,PASS,None,0,2026-08-08T16:00:00
DEMO-00264-2,DEMO-00264,2026-08-09,Compact B,C,Paint,PASS,None,0,2026-08-09T16:00:00
DEMO-00314-2,DEMO-00314,2026-08-11,Compact B,B,Paint,PASS,None,0,2026-08-11T16:00:00
DEMO-00392-3,DEMO-00392,2026-08-14,Compact B,B,Final,PASS,None,0,2026-08-14T16:00:00
DEMO-00551-2,DEMO-00551,2026-08-19,Compact A,B,Paint,PASS,None,0,2026-08-19T16:00:00
DEMO-00724-3,DEMO-00724,2026-08-25,Compact B,A,Final,PASS,None,0,2026-08-25T16:00:00
DEMO-00120-1,DEMO-00120,2026-08-04,Compact B,C,Body,PASS,None,0,2026-08-04T16:00:00
DEMO-00410-2,DEMO-00410,2026-08-14,Compact B,B,Paint,PASS,None,0,2026-08-14T16:00:00
DEMO-00794-1,DEMO-00794,2026-08-27,Compact B,B,Body,PASS,None,0,2026-08-27T16:00:00
DEMO-00767-3,DEMO-00767,2026-08-26,Compact A,B,Final,PASS,None,0,2026-08-26T16:00:00
DEMO-00141-2,DEMO-00141,2026-08-05,Compact A,C,Paint,FAIL,Paint finish,29,2026-08-05T16:00:00
DEMO-00027-2,DEMO-00027,2026-08-01,Compact A,C,Paint,PASS,None,0,2026-08-01T16:00:00
DEMO-00672-3,DEMO-00672,2026-08-23,Compact B,C,Final,PASS,None,0,2026-08-23T16:00:00
DEMO-00087-1,DEMO-00087,2026-08-03,Compact A,C,Body,PASS,None,0,2026-08-03T16:00:00
DEMO-00792-1,DEMO-00792,2026-08-27,Compact B,C,Body,PASS,None,0,2026-08-27T16:00:00
DEMO-00118-2,DEMO-00118,2026-08-04,Compact B,A,Paint,PASS,None,0,2026-08-04T16:00:00
DEMO-00738-1,DEMO-00738,2026-08-25,Compact B,C,Body,PASS,None,0,2026-08-25T16:00:00
DEMO-00084-3,DEMO-00084,2026-08-03,Compact B,C,Final,PASS,None,0,2026-08-03T16:00:00
DEMO-00278-1,DEMO-00278,2026-08-10,Compact B,B,Body,FAIL,Panel gap,11,2026-08-10T16:00:00
DEMO-00517-3,DEMO-00517,2026-08-18,Compact A,A,Final,FAIL,Function check,38,2026-08-18T16:00:00
DEMO-00659-3,DEMO-00659,2026-08-22,Compact A,B,Final,PASS,None,0,2026-08-22T16:00:00
DEMO-00696-3,DEMO-00696,2026-08-24,Compact B,C,Final,PASS,None,0,2026-08-24T16:00:00
DEMO-00207-2,DEMO-00207,2026-08-07,Compact A,C,Paint,PASS,None,0,2026-08-07T16:00:00
DEMO-00318-2,DEMO-00318,2026-08-11,Compact B,C,Paint,PASS,None,0,2026-08-11T16:00:00
DEMO-00515-2,DEMO-00515,2026-08-18,Compact A,B,Paint,FAIL,Paint finish,28,2026-08-18T16:00:00
DEMO-00279-3,DEMO-00279,2026-08-10,Compact A,C,Final,PASS,None,0,2026-08-10T16:00:00
DEMO-00009-3,DEMO-00009,2026-08-01,Compact A,C, final , fail ,Function check,14,2026-08-01T16:00:00
DEMO-00333-1,DEMO-00333,2026-08-12,Compact A,C,Body,PASS,None,0,2026-08-12T16:00:00
DEMO-00028-1,DEMO-00028,2026-08-01,Compact B,A,Body,PASS,None,0,2026-08-01T16:00:00
DEMO-00599-1,DEMO-00599,2026-08-20,Compact A,B,Body,PASS,None,0,2026-08-20T16:00:00
DEMO-00064-2,DEMO-00064,2026-08-03,Compact B,A,Paint,FAIL,Paint finish,11,2026-08-03T16:00:00
DEMO-00020-3,DEMO-00020,2026-08-01,Compact B,B,Final,PASS,None,0,2026-08-01T16:00:00
DEMO-00823-3,DEMO-00823,2026-08-28,Compact A,A,Final,PASS,None,0,2026-08-28T16:00:00
DEMO-00580-2,DEMO-00580,2026-08-20,Compact B,A,Paint,PASS,None,0,2026-08-20T16:00:00
DEMO-00052-1,DEMO-00052,2026-08-02,Compact B,A,Body,PASS,None,0,2026-08-02T16:00:00
DEMO-00184-3,DEMO-00184,2026-08-07,Compact B,A,Final,PASS,None,0,2026-08-07T16:00:00
DEMO-00839-1,DEMO-00839,2026-08-28,Compact A,B,Body,PASS,None,0,2026-08-28T16:00:00
DEMO-00445-1,DEMO-00445,2026-08-15,Compact A,A,Body,PASS,None,0,2026-08-15T16:00:00
DEMO-00011-1,DEMO-00011,2026-08-01,Compact A,B,Body,PASS,None,0,2026-08-01T16:00:00
DEMO-00755-3,DEMO-00755,2026-08-26,Compact A,B,Final,PASS,None,0,2026-08-26T16:00:00
DEMO-00526-3,DEMO-00526,2026-08-18,Compact B,A,Final,PASS,None,0,2026-08-18T16:00:00
DEMO-00728-3,DEMO-00728,2026-08-25,Compact B,B,Final,PASS,None,0,2026-08-25T16:00:00
DEMO-00539-2,DEMO-00539,2026-08-18,Compact A,B,Paint,PASS,None,0,2026-08-18T16:00:00
DEMO-00079-3,DEMO-00079,2026-08-03,Compact A,A,Final,PASS,None,0,2026-08-03T16:00:00
DEMO-00241-2,DEMO-00241,2026-08-09,Compact A,A,Paint,PASS,None,0,2026-08-09T16:00:00
DEMO-00206-1,DEMO-00206,2026-08-07,Compact B,B,Body,PASS,None,0,2026-08-07T16:00:00
DEMO-00677-1,DEMO-00677,2026-08-23,Compact A,B,Body,PASS,None,0,2026-08-23T16:00:00
DEMO-00266-2,DEMO-00266,2026-08-09,Compact B,B,Paint,PASS,None,0,2026-08-09T16:00:00
DEMO-00550-2,DEMO-00550,2026-08-19,Compact B,A,Paint,PASS,None,0,2026-08-19T16:00:00
DEMO-00700-2,DEMO-00700,2026-08-24,Compact B,A,Paint,PASS,None,0,2026-08-24T16:00:00
DEMO-00677-3,DEMO-00677,2026-08-23,Compact A,B,Final,PASS,None,0,2026-08-23T16:00:00
DEMO-00563-2,DEMO-00563,2026-08-19,Compact A,B,Paint,PASS,None,0,2026-08-19T16:00:00
DEMO-00499-1,DEMO-00499,2026-08-17,Compact A,A,Body,PASS,None,0,2026-08-17T16:00:00
DEMO-00680-3,DEMO-00680,2026-08-23,Compact B,B,Final,FAIL,Fit and finish,21,2026-08-23T16:00:00
DEMO-00254-1,DEMO-00254,2026-08-09,Compact B,B,Body,PASS,None,0,2026-08-09T16:00:00
DEMO-00541-3,DEMO-00541,2026-08-19,Compact A,A,Final,PASS,None,0,2026-08-19T16:00:00
DEMO-00249-2,DEMO-00249,2026-08-09,Compact A,C,Paint,FAIL,Surface inclusion,39,2026-08-09T16:00:00
DEMO-00404-2,DEMO-00404,2026-08-14,Compact B,B,Paint,PASS,None,0,2026-08-14T16:00:00
DEMO-00667-3,DEMO-00667,2026-08-23,Compact A,A,Final,PASS,None,0,2026-08-23T16:00:00
DEMO-00117-3,DEMO-00117,2026-08-04,Compact A,C,Final,PASS,None,0,2026-08-04T16:00:00
DEMO-00056-1,DEMO-00056,2026-08-02,Compact B,B,Body,PASS,None,0,2026-08-02T16:00:00
DEMO-00166-1,DEMO-00166,2026-08-06,Compact B,A,Body,PASS,None,0,2026-08-06T16:00:00
DEMO-00478-2,DEMO-00478,2026-08-16,Compact B,A,Paint,PASS,None,0,2026-08-16T16:00:00
DEMO-00257-3,DEMO-00257,2026-08-09,Compact A,B,Final,PASS,None,0,2026-08-09T16:00:00
DEMO-00785-2,DEMO-00785,2026-08-27,Compact A,B,Paint,PASS,None,0,2026-08-27T16:00:00
DEMO-00739-1,DEMO-00739,2026-08-25,Compact A,A,Body,FAIL,Panel gap,12,2026-08-25T16:00:00
DEMO-00506-1,DEMO-00506,2026-08-17,Compact B,B,Body,PASS,None,0,2026-08-17T16:00:00
DEMO-00002-3,DEMO-00002,2026-08-01,Compact B,B,Final,PASS,None,0,2026-08-01T16:00:00
DEMO-00291-1,DEMO-00291,2026-08-10,Compact A,C,Body,FAIL,Panel gap,35,2026-08-10T16:00:00
DEMO-00151-3,DEMO-00151,2026-08-06,Compact A,A,Final,PASS,None,0,2026-08-06T16:00:00
DEMO-00704-2,DEMO-00704,2026-08-24,Compact B,B,Paint,PASS,None,0,2026-08-24T16:00:00
DEMO-00732-3,DEMO-00732,2026-08-25,Compact B,C,Final,PASS,None,0,2026-08-25T16:00:00
DEMO-00014-3,DEMO-00014,2026-08-01,Compact B,B,Final,PASS,None,0,2026-08-01T16:00:00
DEMO-00373-3,DEMO-00373,2026-08-13,Compact A,A,Final,PASS,None,0,2026-08-13T16:00:00
DEMO-00814-1,DEMO-00814,2026-08-28,Compact B,A,Body,PASS,None,0,2026-08-28T16:00:00
DEMO-00150-3,DEMO-00150,2026-08-05,Compact B,C,Final,PASS,None,0,2026-08-05T16:00:00
DEMO-00784-3,DEMO-00784,2026-08-27,Compact B,A,Final,PASS,None,0,2026-08-27T16:00:00
DEMO-00607-2,DEMO-00607,2026-08-21,Compact A,A,Paint,PASS,None,0,2026-08-21T16:00:00
DEMO-00480-1,DEMO-00480,2026-08-16,Compact B,C,Body,PASS,None,0,2026-08-16T16:00:00
DEMO-00080-3,DEMO-00080,2026-08-03,Compact B,B,Final,FAIL,Fit and finish,45,2026-08-03T16:00:00
DEMO-00757-3,DEMO-00757,2026-08-26,Compact A,A,Final,PASS,None,0,2026-08-26T16:00:00
DEMO-00072-2,DEMO-00072,2026-08-03,Compact B,C,Paint,FAIL,Paint finish,13,2026-08-03T16:00:00
DEMO-00199-2,DEMO-00199,2026-08-07,Compact A,A,Paint,PASS,None,0,2026-08-07T16:00:00
DEMO-00587-3,DEMO-00587,2026-08-20,Compact A,B,Final,PASS,None,0,2026-08-20T16:00:00
DEMO-00380-2,DEMO-00380,2026-08-13,Compact B,B,Paint,PASS,None,0,2026-08-13T16:00:00
DEMO-00748-1,DEMO-00748,2026-08-25,Compact B,A,Body,PASS,None,0,2026-08-25T16:00:00
DEMO-00519-1,DEMO-00519,2026-08-18,Compact A,C,Body,PASS,None,0,2026-08-18T16:00:00
DEMO-00567-1,DEMO-00567,2026-08-19,Compact A,C,Body,PASS,None,0,2026-08-19T16:00:00
DEMO-00236-1,DEMO-00236,2026-08-08,Compact B,B,Body,PASS,None,0,2026-08-08T16:00:00
DEMO-00199-1,DEMO-00199,2026-08-07,Compact A,A,Body,PASS,None,0,2026-08-07T16:00:00
DEMO-00726-1,DEMO-00726,2026-08-25,Compact B,C,Body,PASS,None,0,2026-08-25T16:00:00
DEMO-00048-1,DEMO-00048,2026-08-02,Compact B,C,Body,PASS,None,0,2026-08-02T16:00:00
DEMO-00137-2,DEMO-00137,2026-08-05,Compact A,B,Paint,PASS,None,0,2026-08-05T16:00:00
DEMO-00423-1,DEMO-00423,2026-08-15,Compact A,C,Body,PASS,None,0,2026-08-15T16:00:00
DEMO-00647-1,DEMO-00647,2026-08-22,Compact A,B,Body,PASS,None,0,2026-08-22T16:00:00
DEMO-00217-3,DEMO-00217,2026-08-08,Compact A,A,Final,PASS,None,0,2026-08-08T16:00:00
DEMO-00150-2,DEMO-00150,2026-08-05,Compact B,C,Paint,PASS,None,0,2026-08-05T16:00:00
DEMO-00255-2,DEMO-00255,2026-08-09,Compact A,C,Paint,PASS,None,0,2026-08-09T16:00:00
DEMO-00084-2,DEMO-00084,2026-08-03,Compact B,C,Paint,FAIL,Paint finish,50,2026-08-03T16:00:00
DEMO-00723-2,DEMO-00723,2026-08-25,Compact A,C,Paint,FAIL,Paint finish,40,2026-08-25T16:00:00
DEMO-00485-1,DEMO-00485,2026-08-17,Compact A,B,Body,PASS,None,0,2026-08-17T16:00:00
DEMO-00648-2,DEMO-00648,2026-08-22,Compact B,C,Paint,PASS,None,0,2026-08-22T16:00:00
DEMO-00026-3,DEMO-00026,2026-08-01,Compact B,B,Final,PASS,None,0,2026-08-01T16:00:00
DEMO-00746-1,DEMO-00746,2026-08-25,Compact B,B,Body,PASS,None,0,2026-08-25T16:00:00
DEMO-00362-2,DEMO-00362,2026-08-13,Compact B,B,Paint,FAIL,Surface inclusion,33,2026-08-13T16:00:00
DEMO-00166-2,DEMO-00166,2026-08-06,Compact B,A,Paint,PASS,None,0,2026-08-06T16:00:00
DEMO-00675-2,DEMO-00675,2026-08-23,Compact A,C,Paint,PASS,None,0,2026-08-23T16:00:00
BAD-VEHICLE,,2026-08-01,Compact A,A,Body,PASS,None,0,2026-08-01T16:00:00
DEMO-00229-1,DEMO-00229,2026-08-08,Compact A,A,Body,PASS,None,0,2026-08-08T16:00:00
DEMO-00331-2,DEMO-00331,2026-08-12,Compact A,A,Paint,PASS,None,0,2026-08-12T16:00:00
DEMO-00352-1,DEMO-00352,2026-08-12,Compact B,A,Body,PASS,None,0,2026-08-12T16:00:00
DEMO-00324-3,DEMO-00324,2026-08-11,Compact B,C,Final,PASS,None,0,2026-08-11T16:00:00
DEMO-00590-1,DEMO-00590,2026-08-20,Compact B,B,Body,PASS,None,0,2026-08-20T16:00:00
DEMO-00108-3,DEMO-00108,2026-08-04,Compact B,C,Final,PASS,None,0,2026-08-04T16:00:00
DEMO-00674-1,DEMO-00674,2026-08-23,Compact B,B,Body,PASS,None,0,2026-08-23T16:00:00
DEMO-00393-2,DEMO-00393,2026-08-14,Compact A,C,Paint,PASS,None,0,2026-08-14T16:00:00
DEMO-00108-2,DEMO-00108,2026-08-04,Compact B,C,Paint,FAIL,Surface inclusion,24,2026-08-04T16:00:00
DEMO-00814-2,DEMO-00814,2026-08-28,Compact B,A,Paint,PASS,None,0,2026-08-28T16:00:00
DEMO-00127-3,DEMO-00127,2026-08-05,Compact A,A,Final,PASS,None,0,2026-08-05T16:00:00
DEMO-00304-1,DEMO-00304,2026-08-11,Compact B,A,Body,PASS,None,0,2026-08-11T16:00:00
DEMO-00784-2,DEMO-00784,2026-08-27,Compact B,A,Paint,PASS,None,0,2026-08-27T16:00:00
DEMO-00565-1,DEMO-00565,2026-08-19,Compact A,A,Body,PASS,None,0,2026-08-19T16:00:00
DEMO-00499-2,DEMO-00499,2026-08-17,Compact A,A,Paint,FAIL,Paint finish,43,2026-08-17T16:00:00
DEMO-00804-2,DEMO-00804,2026-08-27,Compact B,C,Paint,FAIL,Paint finish,22,2026-08-27T16:00:00
DEMO-00748-3,DEMO-00748,2026-08-25,Compact B,A,Final,PASS,None,0,2026-08-25T16:00:00
DEMO-00266-3,DEMO-00266,2026-08-09,Compact B,B,Final,PASS,None,0,2026-08-09T16:00:00
DEMO-00809-2,DEMO-00809,2026-08-27,Compact A,B,Paint,FAIL,Surface inclusion,26,2026-08-27T16:00:00
DEMO-00208-1,DEMO-00208,2026-08-07,Compact B,A,Body,PASS,None,0,2026-08-07T16:00:00
DEMO-00165-3,DEMO-00165,2026-08-06,Compact A,C,Final,PASS,None,0,2026-08-06T16:00:00
DEMO-00742-3,DEMO-00742,2026-08-25,Compact B,A,Final,PASS,None,0,2026-08-25T16:00:00
DEMO-00799-1,DEMO-00799,2026-08-27,Compact A,A,Body,FAIL,Panel gap,15,2026-08-27T16:00:00
DEMO-00482-3,DEMO-00482,2026-08-17,Compact B,B,Final,PASS,None,0,2026-08-17T16:00:00
DEMO-00430-3,DEMO-00430,2026-08-15,Compact B,A,Final,PASS,None,0,2026-08-15T16:00:00
DEMO-00466-3,DEMO-00466,2026-08-16,Compact B,A,Final,PASS,None,0,2026-08-16T16:00:00
DEMO-00435-3,DEMO-00435,2026-08-15,Compact A,C,Final,PASS,None,0,2026-08-15T16:00:00
DEMO-00824-1,DEMO-00824,2026-08-28,Compact B,B,Body,PASS,None,0,2026-08-28T16:00:00
DEMO-00333-3,DEMO-00333,2026-08-12,Compact A,C,Final,PASS,None,0,2026-08-12T16:00:00
DEMO-00611-1,DEMO-00611,2026-08-21,Compact A,B,Body,PASS,None,0,2026-08-21T16:00:00
DEMO-00446-3,DEMO-00446,2026-08-15,Compact B,B,Final,PASS,None,0,2026-08-15T16:00:00
DEMO-00395-2,DEMO-00395,2026-08-14,Compact A,B,Paint,PASS,None,0,2026-08-14T16:00:00
DEMO-00189-2,DEMO-00189,2026-08-07,Compact A,C,Paint,PASS,None,0,2026-08-07T16:00:00
DEMO-00407-2,DEMO-00407,2026-08-14,Compact A,B,Paint,PASS,None,0,2026-08-14T16:00:00
DEMO-00660-1,DEMO-00660,2026-08-22,Compact B,C,Body,FAIL,Panel gap,25,2026-08-22T16:00:00
DEMO-00297-3,DEMO-00297,2026-08-10,Compact A,C,Final,PASS,None,0,2026-08-10T16:00:00
DEMO-00245-1,DEMO-00245,2026-08-09,Compact A,B,Body,PASS,None,0,2026-08-09T16:00:00
DEMO-00246-1,DEMO-00246,2026-08-09,Compact B,C,Body,PASS,None,0,2026-08-09T16:00:00
DEMO-00518-2,DEMO-00518,2026-08-18,Compact B,B,Paint,PASS,None,0,2026-08-18T16:00:00
DEMO-00073-3,DEMO-00073,2026-08-03,Compact A,A,Final,PASS,None,0,2026-08-03T16:00:00
DEMO-00330-3,DEMO-00330,2026-08-11,Compact B,C,Final,PASS,None,0,2026-08-11T16:00:00
DEMO-00800-2,DEMO-00800,2026-08-27,Compact B,B,Paint,PASS,None,0,2026-08-27T16:00:00
DEMO-00065-1,DEMO-00065,2026-08-03,Compact A,B,Body,PASS,None,0,2026-08-03T16:00:00
DEMO-00717-1,DEMO-00717,2026-08-24,Compact A,C,Body,PASS,None,0,2026-08-24T16:00:00
DEMO-00835-3,DEMO-00835,2026-08-28,Compact A,A,Final,PASS,None,0,2026-08-28T16:00:00
DEMO-00696-1,DEMO-00696,2026-08-24,Compact B,C,Body,PASS,None,0,2026-08-24T16:00:00
DEMO-00685-1,DEMO-00685,2026-08-23,Compact A,A,Body,PASS,None,0,2026-08-23T16:00:00
DEMO-00184-1,DEMO-00184,2026-08-07,Compact B,A,Body,PASS,None,0,2026-08-07T16:00:00
DEMO-00261-3,DEMO-00261,2026-08-09,Compact A,C,Final,FAIL,Fit and finish,16,2026-08-09T16:00:00
DEMO-00201-3,DEMO-00201,2026-08-07,Compact A,C,Final,FAIL,Function check,41,2026-08-07T16:00:00
DEMO-00496-2,DEMO-00496,2026-08-17,Compact B,A,Paint,PASS,None,0,2026-08-17T16:00:00
DEMO-00222-3,DEMO-00222,2026-08-08,Compact B,C,Final,PASS,None,0,2026-08-08T16:00:00
DEMO-00280-3,DEMO-00280,2026-08-10,Compact B,A,Final,FAIL,Function check,38,2026-08-10T16:00:00
DEMO-00272-3,DEMO-00272,2026-08-10,Compact B,B,Final,PASS,None,0,2026-08-10T16:00:00
DEMO-00677-2,DEMO-00677,2026-08-23,Compact A,B,Paint,PASS,None,0,2026-08-23T16:00:00
DEMO-00357-1,DEMO-00357,2026-08-12,Compact A,C,Body,PASS,None,0,2026-08-12T16:00:00
DEMO-00181-2,DEMO-00181,2026-08-07,Compact A,A,Paint,PASS,None,0,2026-08-07T16:00:00
DEMO-00534-3,DEMO-00534,2026-08-18,Compact B,C,Final,PASS,None,0,2026-08-18T16:00:00
DEMO-00055-3,DEMO-00055,2026-08-02,Compact A,A,Final,PASS,None,0,2026-08-02T16:00:00
DEMO-00679-3,DEMO-00679,2026-08-23,Compact A,A,Final,PASS,None,0,2026-08-23T16:00:00
DEMO-00428-2,DEMO-00428,2026-08-15,Compact B,B,Paint,PASS,None,0,2026-08-15T16:00:00
DEMO-00018-2,DEMO-00018,2026-08-01,Compact B,C,Paint,PASS,None,0,2026-08-01T16:00:00
DEMO-00564-1,DEMO-00564,2026-08-19,Compact B,C,Body,PASS,None,0,2026-08-19T16:00:00
DEMO-00618-2,DEMO-00618,2026-08-21,Compact B,C,Paint,PASS,None,0,2026-08-21T16:00:00
DEMO-00148-2,DEMO-00148,2026-08-05,Compact B,A,Paint,PASS,None,0,2026-08-05T16:00:00
DEMO-00008-2,DEMO-00008,2026-08-01,Compact B,B, paint , pass ,None,0,2026-08-01T16:00:00
DEMO-00390-1,DEMO-00390,2026-08-13,Compact B,C,Body,PASS,None,0,2026-08-13T16:00:00
DEMO-00186-1,DEMO-00186,2026-08-07,Compact B,C,Body,PASS,None,0,2026-08-07T16:00:00
DEMO-00483-3,DEMO-00483,2026-08-17,Compact A,C,Final,PASS,None,0,2026-08-17T16:00:00
DEMO-00328-2,DEMO-00328,2026-08-11,Compact B,A,Paint,PASS,None,0,2026-08-11T16:00:00
DEMO-00495-1,DEMO-00495,2026-08-17,Compact A,C,Body,PASS,None,0,2026-08-17T16:00:00
DEMO-00076-1,DEMO-00076,2026-08-03,Compact B,A,Body,FAIL,Panel gap,39,2026-08-03T16:00:00
DEMO-00466-1,DEMO-00466,2026-08-16,Compact B,A,Body,PASS,None,0,2026-08-16T16:00:00
DEMO-00047-2,DEMO-00047,2026-08-02,Compact A,B,Paint,FAIL,Surface inclusion,41,2026-08-02T16:00:00
DEMO-00139-1,DEMO-00139,2026-08-05,Compact A,A,Body,PASS,None,0,2026-08-05T16:00:00
DEMO-00559-3,DEMO-00559,2026-08-19,Compact A,A,Final,PASS,None,0,2026-08-19T16:00:00
DEMO-00506-3,DEMO-00506,2026-08-17,Compact B,B,Final,PASS,None,0,2026-08-17T16:00:00
DEMO-00622-2,DEMO-00622,2026-08-21,Compact B,A,Paint,PASS,None,0,2026-08-21T16:00:00
DEMO-00004-1,DEMO-00004,2026-08-01,Compact B,A,Body,PASS,None,0,2026-08-01T16:00:00
DEMO-00061-1,DEMO-00061,2026-08-03,Compact A,A,Body,PASS,None,0,2026-08-03T16:00:00
DEMO-00374-3,DEMO-00374,2026-08-13,Compact B,B,Final,FAIL,Function check,45,2026-08-13T16:00:00
DEMO-00685-2,DEMO-00685,2026-08-23,Compact A,A,Paint,PASS,None,0,2026-08-23T16:00:00
DEMO-00820-3,DEMO-00820,2026-08-28,Compact B,A,Final,PASS,None,0,2026-08-28T16:00:00
DEMO-00120-2,DEMO-00120,2026-08-04,Compact B,C,Paint,PASS,None,0,2026-08-04T16:00:00
DEMO-00811-2,DEMO-00811,2026-08-28,Compact A,A,Paint,PASS,None,0,2026-08-28T16:00:00
DEMO-00132-3,DEMO-00132,2026-08-05,Compact B,C,Final,PASS,None,0,2026-08-05T16:00:00
DEMO-00723-3,DEMO-00723,2026-08-25,Compact A,C,Final,PASS,None,0,2026-08-25T16:00:00
DEMO-00689-2,DEMO-00689,2026-08-23,Compact A,B,Paint,FAIL,Paint finish,11,2026-08-23T16:00:00
DEMO-00076-2,DEMO-00076,2026-08-03,Compact B,A,Paint,PASS,None,0,2026-08-03T16:00:00
DEMO-00559-1,DEMO-00559,2026-08-19,Compact A,A,Body,PASS,None,0,2026-08-19T16:00:00
DEMO-00831-3,DEMO-00831,2026-08-28,Compact A,C,Final,PASS,None,0,2026-08-28T16:00:00
DEMO-00360-3,DEMO-00360,2026-08-12,Compact B,C,Final,PASS,None,0,2026-08-12T16:00:00
DEMO-00157-1,DEMO-00157,2026-08-06,Compact A,A,Body,PASS,None,0,2026-08-06T16:00:00
DEMO-00614-1,DEMO-00614,2026-08-21,Compact B,B,Body,PASS,None,0,2026-08-21T16:00:00
DEMO-00253-1,DEMO-00253,2026-08-09,Compact A,A,Body,PASS,None,0,2026-08-09T16:00:00
DEMO-00265-2,DEMO-00265,2026-08-09,Compact A,A,Paint,PASS,None,0,2026-08-09T16:00:00
DEMO-00095-3,DEMO-00095,2026-08-04,Compact A,B,Final,PASS,None,0,2026-08-04T16:00:00
DEMO-00725-3,DEMO-00725,2026-08-25,Compact A,B,Final,PASS,None,0,2026-08-25T16:00:00
DEMO-00718-3,DEMO-00718,2026-08-24,Compact B,A,Final,PASS,None,0,2026-08-24T16:00:00
DEMO-00334-1,DEMO-00334,2026-08-12,Compact B,A,Body,PASS,None,0,2026-08-12T16:00:00
DEMO-00004-2,DEMO-00004,2026-08-01,Compact B,A,Paint,PASS,None,0,2026-08-01T16:00:00
DEMO-00702-1,DEMO-00702,2026-08-24,Compact B,C,Body,PASS,None,0,2026-08-24T16:00:00
DEMO-00207-3,DEMO-00207,2026-08-07,Compact A,C,Final,PASS,None,0,2026-08-07T16:00:00
DEMO-00143-1,DEMO-00143,2026-08-05,Compact A,B,Body,PASS,None,0,2026-08-05T16:00:00
DEMO-00787-3,DEMO-00787,2026-08-27,Compact A,A,Final,PASS,None,0,2026-08-27T16:00:00
DEMO-00591-2,DEMO-00591,2026-08-20,Compact A,C,Paint,PASS,None,0,2026-08-20T16:00:00
DEMO-00187-2,DEMO-00187,2026-08-07,Compact A,A,Paint,PASS,None,0,2026-08-07T16:00:00
DEMO-00818-1,DEMO-00818,2026-08-28,Compact B,B,Body,PASS,None,0,2026-08-28T16:00:00
DEMO-00514-3,DEMO-00514,2026-08-18,Compact B,A,Final,PASS,None,0,2026-08-18T16:00:00
DEMO-00362-1,DEMO-00362,2026-08-13,Compact B,B,Body,PASS,None,0,2026-08-13T16:00:00
DEMO-00673-1,DEMO-00673,2026-08-23,Compact A,A,Body,PASS,None,0,2026-08-23T16:00:00
DEMO-00671-2,DEMO-00671,2026-08-23,Compact A,B,Paint,PASS,None,0,2026-08-23T16:00:00
DEMO-00606-2,DEMO-00606,2026-08-21,Compact B,C,Paint,PASS,None,0,2026-08-21T16:00:00
DEMO-00088-2,DEMO-00088,2026-08-03,Compact B,A,Paint,PASS,None,0,2026-08-03T16:00:00
DEMO-00013-1,DEMO-00013,2026-08-01,Compact A,A,Body,PASS,None,0,2026-08-01T16:00:00
DEMO-00125-1,DEMO-00125,2026-08-05,Compact A,B,Body,FAIL,Panel gap,45,2026-08-05T16:00:00
DEMO-00741-1,DEMO-00741,2026-08-25,Compact A,C,Body,PASS,None,0,2026-08-25T16:00:00
DEMO-00066-2,DEMO-00066,2026-08-03,Compact B,C,Paint,FAIL,Paint finish,37,2026-08-03T16:00:00
DEMO-00503-2,DEMO-00503,2026-08-17,Compact A,B,Paint,PASS,None,0,2026-08-17T16:00:00
DEMO-00723-1,DEMO-00723,2026-08-25,Compact A,C,Body,PASS,None,0,2026-08-25T16:00:00
DEMO-00558-3,DEMO-00558,2026-08-19,Compact B,C,Final,PASS,None,0,2026-08-19T16:00:00
DEMO-00620-3,DEMO-00620,2026-08-21,Compact B,B,Final,PASS,None,0,2026-08-21T16:00:00
DEMO-00030-2,DEMO-00030,2026-08-01,Compact B,C,Paint,FAIL,Surface inclusion,24,2026-08-01T16:00:00
DEMO-00233-3,DEMO-00233,2026-08-08,Compact A,B,Final,PASS,None,0,2026-08-08T16:00:00
DEMO-00686-3,DEMO-00686,2026-08-23,Compact B,B,Final,PASS,None,0,2026-08-23T16:00:00
DEMO-00429-1,DEMO-00429,2026-08-15,Compact A,C,Body,PASS,None,0,2026-08-15T16:00:00
DEMO-00228-2,DEMO-00228,2026-08-08,Compact B,C,Paint,PASS,None,0,2026-08-08T16:00:00
DEMO-00213-1,DEMO-00213,2026-08-08,Compact A,C,Body,PASS,None,0,2026-08-08T16:00:00
DEMO-00384-3,DEMO-00384,2026-08-13,Compact B,C,Final,PASS,None,0,2026-08-13T16:00:00
DEMO-00796-2,DEMO-00796,2026-08-27,Compact B,A,Paint,PASS,None,0,2026-08-27T16:00:00
DEMO-00289-1,DEMO-00289,2026-08-10,Compact A,A,Body,PASS,None,0,2026-08-10T16:00:00
DEMO-00318-3,DEMO-00318,2026-08-11,Compact B,C,Final,PASS,None,0,2026-08-11T16:00:00
DEMO-00419-1,DEMO-00419,2026-08-14,Compact A,B,Body,PASS,None,0,2026-08-14T16:00:00
DEMO-00442-2,DEMO-00442,2026-08-15,Compact B,A,Paint,PASS,None,0,2026-08-15T16:00:00
DEMO-00414-3,DEMO-00414,2026-08-14,Compact B,C,Final,PASS,None,0,2026-08-14T16:00:00
DEMO-00457-1,DEMO-00457,2026-08-16,Compact A,A,Body,PASS,None,0,2026-08-16T16:00:00
DEMO-00194-3,DEMO-00194,2026-08-07,Compact B,B,Final,PASS,None,0,2026-08-07T16:00:00
DEMO-00096-1,DEMO-00096,2026-08-04,Compact B,C,Body,FAIL,Panel gap,26,2026-08-04T16:00:00
DEMO-00465-3,DEMO-00465,2026-08-16,Compact A,C,Final,PASS,None,0,2026-08-16T16:00:00
DEMO-00136-1,DEMO-00136,2026-08-05,Compact B,A,Body,PASS,None,0,2026-08-05T16:00:00
DEMO-00308-1,DEMO-00308,2026-08-11,Compact B,B,Body,FAIL,Weld appearance,21,2026-08-11T16:00:00
DEMO-00063-3,DEMO-00063,2026-08-03,Compact A,C,Final,PASS,None,0,2026-08-03T16:00:00
DEMO-00307-1,DEMO-00307,2026-08-11,Compact A,A,Body,PASS,None,0,2026-08-11T16:00:00
DEMO-00664-3,DEMO-00664,2026-08-23,Compact B,A,Final,PASS,None,0,2026-08-23T16:00:00
DEMO-00135-1,DEMO-00135,2026-08-05,Compact A,C,Body,PASS,None,0,2026-08-05T16:00:00
DEMO-00558-2,DEMO-00558,2026-08-19,Compact B,C,Paint,PASS,None,0,2026-08-19T16:00:00
DEMO-00520-3,DEMO-00520,2026-08-18,Compact B,A,Final,PASS,None,0,2026-08-18T16:00:00
DEMO-00771-3,DEMO-00771,2026-08-26,Compact A,C,Final,FAIL,Function check,16,2026-08-26T16:00:00
DEMO-00028-2,DEMO-00028,2026-08-01,Compact B,A,Paint,PASS,None,0,2026-08-01T16:00:00
DEMO-00606-1,DEMO-00606,2026-08-21,Compact B,C,Body,PASS,None,0,2026-08-21T16:00:00
DEMO-00654-1,DEMO-00654,2026-08-22,Compact B,C,Body,PASS,None,0,2026-08-22T16:00:00
DEMO-00826-1,DEMO-00826,2026-08-28,Compact B,A,Body,FAIL,Panel gap,20,2026-08-28T16:00:00
DEMO-00369-3,DEMO-00369,2026-08-13,Compact A,C,Final,PASS,None,0,2026-08-13T16:00:00
DEMO-00802-1,DEMO-00802,2026-08-27,Compact B,A,Body,PASS,None,0,2026-08-27T16:00:00
DEMO-00360-2,DEMO-00360,2026-08-12,Compact B,C,Paint,PASS,None,0,2026-08-12T16:00:00
DEMO-00772-3,DEMO-00772,2026-08-26,Compact B,A,Final,PASS,None,0,2026-08-26T16:00:00
DEMO-00433-1,DEMO-00433,2026-08-15,Compact A,A,Body,PASS,None,0,2026-08-15T16:00:00
DEMO-00812-1,DEMO-00812,2026-08-28,Compact B,B,Body,PASS,None,0,2026-08-28T16:00:00
DEMO-00342-3,DEMO-00342,2026-08-12,Compact B,C,Final,PASS,None,0,2026-08-12T16:00:00
DEMO-00722-1,DEMO-00722,2026-08-25,Compact B,B,Body,PASS,None,0,2026-08-25T16:00:00
DEMO-00371-2,DEMO-00371,2026-08-13,Compact A,B,Paint,PASS,None,0,2026-08-13T16:00:00
DEMO-00316-2,DEMO-00316,2026-08-11,Compact B,A,Paint,PASS,None,0,2026-08-11T16:00:00
DEMO-00768-3,DEMO-00768,2026-08-26,Compact B,C,Final,PASS,None,0,2026-08-26T16:00:00
DEMO-00667-2,DEMO-00667,2026-08-23,Compact A,A,Paint,PASS,None,0,2026-08-23T16:00:00
DEMO-00279-1,DEMO-00279,2026-08-10,Compact A,C,Body,PASS,None,0,2026-08-10T16:00:00
DEMO-00626-3,DEMO-00626,2026-08-21,Compact B,B,Final,PASS,None,0,2026-08-21T16:00:00
DEMO-00267-1,DEMO-00267,2026-08-09,Compact A,C,Body,PASS,None,0,2026-08-09T16:00:00
DEMO-00671-3,DEMO-00671,2026-08-23,Compact A,B,Final,PASS,None,0,2026-08-23T16:00:00
DEMO-00412-3,DEMO-00412,2026-08-14,Compact B,A,Final,PASS,None,0,2026-08-14T16:00:00
DEMO-00235-1,DEMO-00235,2026-08-08,Compact A,A,Body,PASS,None,0,2026-08-08T16:00:00
DEMO-00125-3,DEMO-00125,2026-08-05,Compact A,B,Final,PASS,None,0,2026-08-05T16:00:00
DEMO-00628-3,DEMO-00628,2026-08-21,Compact B,A,Final,PASS,None,0,2026-08-21T16:00:00
DEMO-00041-2,DEMO-00041,2026-08-02,Compact A,B,Paint,FAIL,Surface inclusion,26,2026-08-02T16:00:00
DEMO-00497-1,DEMO-00497,2026-08-17,Compact A,B,Body,PASS,None,0,2026-08-17T16:00:00
DEMO-00130-1,DEMO-00130,2026-08-05,Compact B,A,Body,PASS,None,0,2026-08-05T16:00:00
DEMO-00280-2,DEMO-00280,2026-08-10,Compact B,A,Paint,PASS,None,0,2026-08-10T16:00:00
DEMO-00806-2,DEMO-00806,2026-08-27,Compact B,B,Paint,PASS,None,0,2026-08-27T16:00:00
DEMO-00512-1,DEMO-00512,2026-08-18,Compact B,B,Body,PASS,None,0,2026-08-18T16:00:00
DEMO-00605-2,DEMO-00605,2026-08-21,Compact A,B,Paint,PASS,None,0,2026-08-21T16:00:00
DEMO-00470-1,DEMO-00470,2026-08-16,Compact B,B,Body,PASS,None,0,2026-08-16T16:00:00
DEMO-00804-1,DEMO-00804,2026-08-27,Compact B,C,Body,PASS,None,0,2026-08-27T16:00:00
DEMO-00037-1,DEMO-00037,2026-08-02,Compact A,A,Body,PASS,None,0,2026-08-02T16:00:00
DEMO-00617-3,DEMO-00617,2026-08-21,Compact A,B,Final,PASS,None,0,2026-08-21T16:00:00
DEMO-00199-3,DEMO-00199,2026-08-07,Compact A,A,Final,PASS,None,0,2026-08-07T16:00:00
DEMO-00165-2,DEMO-00165,2026-08-06,Compact A,C,Paint,PASS,None,0,2026-08-06T16:00:00
DEMO-00549-2,DEMO-00549,2026-08-19,Compact A,C,Paint,PASS,None,0,2026-08-19T16:00:00
DEMO-00364-3,DEMO-00364,2026-08-13,Compact B,A,Final,PASS,None,0,2026-08-13T16:00:00
DEMO-00351-2,DEMO-00351,2026-08-12,Compact A,C,Paint,FAIL,Paint finish,24,2026-08-12T16:00:00
DEMO-00476-2,DEMO-00476,2026-08-16,Compact B,B,Paint,PASS,None,0,2026-08-16T16:00:00
DEMO-00148-3,DEMO-00148,2026-08-05,Compact B,A,Final,PASS,None,0,2026-08-05T16:00:00
DEMO-00250-3,DEMO-00250,2026-08-09,Compact B,A,Final,FAIL,Function check,38,2026-08-09T16:00:00
DEMO-00716-2,DEMO-00716,2026-08-24,Compact B,B,Paint,PASS,None,0,2026-08-24T16:00:00
DEMO-00276-3,DEMO-00276,2026-08-10,Compact B,C,Final,PASS,None,0,2026-08-10T16:00:00
DEMO-00688-3,DEMO-00688,2026-08-23,Compact B,A,Final,PASS,None,0,2026-08-23T16:00:00
DEMO-00009-2,DEMO-00009,2026-08-01,Compact A,C, paint , pass ,None,0,2026-08-01T16:00:00
DEMO-00362-3,DEMO-00362,2026-08-13,Compact B,B,Final,FAIL,Fit and finish,36,2026-08-13T16:00:00
DEMO-00311-3,DEMO-00311,2026-08-11,Compact A,B,Final,PASS,None,0,2026-08-11T16:00:00
DEMO-00479-1,DEMO-00479,2026-08-16,Compact A,B,Body,FAIL,Panel gap,44,2026-08-16T16:00:00
DEMO-00049-1,DEMO-00049,2026-08-02,Compact A,A,Body,PASS,None,0,2026-08-02T16:00:00
DEMO-00383-3,DEMO-00383,2026-08-13,Compact A,B,Final,PASS,None,0,2026-08-13T16:00:00
DEMO-00797-2,DEMO-00797,2026-08-27,Compact A,B,Paint,PASS,None,0,2026-08-27T16:00:00
DEMO-00789-2,DEMO-00789,2026-08-27,Compact A,C,Paint,PASS,None,0,2026-08-27T16:00:00
DEMO-00768-1,DEMO-00768,2026-08-26,Compact B,C,Body,PASS,None,0,2026-08-26T16:00:00
DEMO-00759-2,DEMO-00759,2026-08-26,Compact A,C,Paint,PASS,None,0,2026-08-26T16:00:00
DEMO-00518-1,DEMO-00518,2026-08-18,Compact B,B,Body,PASS,None,0,2026-08-18T16:00:00
DEMO-00093-3,DEMO-00093,2026-08-04,Compact A,C,Final,PASS,None,0,2026-08-04T16:00:00
DEMO-00827-3,DEMO-00827,2026-08-28,Compact A,B,Final,PASS,None,0,2026-08-28T16:00:00
DEMO-00286-2,DEMO-00286,2026-08-10,Compact B,A,Paint,PASS,None,0,2026-08-10T16:00:00
DEMO-00512-2,DEMO-00512,2026-08-18,Compact B,B,Paint,FAIL,Surface inclusion,33,2026-08-18T16:00:00
BAD-MINUTES,DEMO-00001,2026-08-01,Compact A,A,Body,PASS,None,-5,2026-08-01T16:00:00
DEMO-00213-2,DEMO-00213,2026-08-08,Compact A,C,Paint,PASS,None,0,2026-08-08T16:00:00
DEMO-00094-1,DEMO-00094,2026-08-04,Compact B,A,Body,PASS,None,0,2026-08-04T16:00:00
DEMO-00187-1,DEMO-00187,2026-08-07,Compact A,A,Body,PASS,None,0,2026-08-07T16:00:00
DEMO-00669-1,DEMO-00669,2026-08-23,Compact A,C,Body,PASS,None,0,2026-08-23T16:00:00
DEMO-00581-2,DEMO-00581,2026-08-20,Compact A,B,Paint,PASS,None,0,2026-08-20T16:00:00
DEMO-00290-3,DEMO-00290,2026-08-10,Compact B,B,Final,PASS,None,0,2026-08-10T16:00:00
DEMO-00811-3,DEMO-00811,2026-08-28,Compact A,A,Final,PASS,None,0,2026-08-28T16:00:00
DEMO-00158-1,DEMO-00158,2026-08-06,Compact B,B,Body,FAIL,Panel gap,26,2026-08-06T16:00:00
DEMO-00509-3,DEMO-00509,2026-08-17,Compact A,B,Final,PASS,None,0,2026-08-17T16:00:00
DEMO-00785-1,DEMO-00785,2026-08-27,Compact A,B,Body,PASS,None,0,2026-08-27T16:00:00
DEMO-00147-3,DEMO-00147,2026-08-05,Compact A,C,Final,PASS,None,0,2026-08-05T16:00:00
DEMO-00660-3,DEMO-00660,2026-08-22,Compact B,C,Final,PASS,None,0,2026-08-22T16:00:00
DEMO-00622-1,DEMO-00622,2026-08-21,Compact B,A,Body,PASS,None,0,2026-08-21T16:00:00
DEMO-00172-1,DEMO-00172,2026-08-06,Compact B,A,Body,PASS,None,0,2026-08-06T16:00:00
DEMO-00465-2,DEMO-00465,2026-08-16,Compact A,C,Paint,PASS,None,0,2026-08-16T16:00:00
DEMO-00524-1,DEMO-00524,2026-08-18,Compact B,B,Body,PASS,None,0,2026-08-18T16:00:00
DEMO-00103-1,DEMO-00103,2026-08-04,Compact A,A,Body,PASS,None,0,2026-08-04T16:00:00
DEMO-00796-3,DEMO-00796,2026-08-27,Compact B,A,Final,PASS,None,0,2026-08-27T16:00:00
DEMO-00289-3,DEMO-00289,2026-08-10,Compact A,A,Final,PASS,None,0,2026-08-10T16:00:00
DEMO-00140-1,DEMO-00140,2026-08-05,Compact B,B,Body,FAIL,Weld appearance,18,2026-08-05T16:00:00
DEMO-00154-1,DEMO-00154,2026-08-06,Compact B,A,Body,PASS,None,0,2026-08-06T16:00:00
DEMO-00079-1,DEMO-00079,2026-08-03,Compact A,A,Body,PASS,None,0,2026-08-03T16:00:00
DEMO-00589-1,DEMO-00589,2026-08-20,Compact A,A,Body,PASS,None,0,2026-08-20T16:00:00
DEMO-00045-1,DEMO-00045,2026-08-02,Compact A,C,Body,PASS,None,0,2026-08-02T16:00:00
DEMO-00731-3,DEMO-00731,2026-08-25,Compact A,B,Final,PASS,None,0,2026-08-25T16:00:00
DEMO-00385-2,DEMO-00385,2026-08-13,Compact A,A,Paint,PASS,None,0,2026-08-13T16:00:00
DEMO-00380-1,DEMO-00380,2026-08-13,Compact B,B,Body,PASS,None,0,2026-08-13T16:00:00
DEMO-00486-2,DEMO-00486,2026-08-17,Compact B,C,Paint,PASS,None,0,2026-08-17T16:00:00
DEMO-00104-1,DEMO-00104,2026-08-04,Compact B,B,Body,PASS,None,0,2026-08-04T16:00:00
DEMO-00296-2,DEMO-00296,2026-08-10,Compact B,B,Paint,FAIL,Paint finish,50,2026-08-10T16:00:00
DEMO-00270-2,DEMO-00270,2026-08-09,Compact B,C,Paint,FAIL,Surface inclusion,43,2026-08-09T16:00:00
DEMO-00302-3,DEMO-00302,2026-08-11,Compact B,B,Final,PASS,None,0,2026-08-11T16:00:00
DEMO-00143-3,DEMO-00143,2026-08-05,Compact A,B,Final,PASS,None,0,2026-08-05T16:00:00
DEMO-00301-1,DEMO-00301,2026-08-11,Compact A,A,Body,PASS,None,0,2026-08-11T16:00:00
DEMO-00238-3,DEMO-00238,2026-08-08,Compact B,A,Final,PASS,None,0,2026-08-08T16:00:00
DEMO-00402-2,DEMO-00402,2026-08-14,Compact B,C,Paint,PASS,None,0,2026-08-14T16:00:00
DEMO-00735-3,DEMO-00735,2026-08-25,Compact A,C,Final,PASS,None,0,2026-08-25T16:00:00
DEMO-00585-1,DEMO-00585,2026-08-20,Compact A,C,Body,PASS,None,0,2026-08-20T16:00:00
DEMO-00611-3,DEMO-00611,2026-08-21,Compact A,B,Final,PASS,None,0,2026-08-21T16:00:00
DEMO-00675-1,DEMO-00675,2026-08-23,Compact A,C,Body,PASS,None,0,2026-08-23T16:00:00
DEMO-00221-3,DEMO-00221,2026-08-08,Compact A,B,Final,PASS,None,0,2026-08-08T16:00:00
DEMO-00496-3,DEMO-00496,2026-08-17,Compact B,A,Final,FAIL,Function check,30,2026-08-17T16:00:00
DEMO-00801-2,DEMO-00801,2026-08-27,Compact A,C,Paint,FAIL,Paint finish,30,2026-08-27T16:00:00
DEMO-00406-3,DEMO-00406,2026-08-14,Compact B,A,Final,PASS,None,0,2026-08-14T16:00:00
DEMO-00715-3,DEMO-00715,2026-08-24,Compact A,A,Final,PASS,None,0,2026-08-24T16:00:00
DEMO-00393-3,DEMO-00393,2026-08-14,Compact A,C,Final,PASS,None,0,2026-08-14T16:00:00
DEMO-00532-2,DEMO-00532,2026-08-18,Compact B,A,Paint,FAIL,Surface inclusion,50,2026-08-18T16:00:00
DEMO-00374-2,DEMO-00374,2026-08-13,Compact B,B,Paint,PASS,None,0,2026-08-13T16:00:00
DEMO-00703-3,DEMO-00703,2026-08-24,Compact A,A,Final,PASS,None,0,2026-08-24T16:00:00
DEMO-00392-2,DEMO-00392,2026-08-14,Compact B,B,Paint,PASS,None,0,2026-08-14T16:00:00
DEMO-00774-1,DEMO-00774,2026-08-26,Compact B,C,Body,PASS,None,0,2026-08-26T16:00:00
DEMO-00093-1,DEMO-00093,2026-08-04,Compact A,C,Body,PASS,None,0,2026-08-04T16:00:00
DEMO-00665-3,DEMO-00665,2026-08-23,Compact A,B,Final,PASS,None,0,2026-08-23T16:00:00
DEMO-00065-3,DEMO-00065,2026-08-03,Compact A,B,Final,FAIL,Fit and finish,12,2026-08-03T16:00:00
DEMO-00103-3,DEMO-00103,2026-08-04,Compact A,A,Final,PASS,None,0,2026-08-04T16:00:00
DEMO-00381-3,DEMO-00381,2026-08-13,Compact A,C,Final,PASS,None,0,2026-08-13T16:00:00
DEMO-00311-1,DEMO-00311,2026-08-11,Compact A,B,Body,PASS,None,0,2026-08-11T16:00:00
DEMO-00654-3,DEMO-00654,2026-08-22,Compact B,C,Final,PASS,None,0,2026-08-22T16:00:00
DEMO-00420-3,DEMO-00420,2026-08-14,Compact B,C,Final,PASS,None,0,2026-08-14T16:00:00
DEMO-00350-2,DEMO-00350,2026-08-12,Compact B,B,Paint,PASS,None,0,2026-08-12T16:00:00
DEMO-00050-3,DEMO-00050,2026-08-02,Compact B,B,Final,FAIL,Fit and finish,40,2026-08-02T16:00:00
DEMO-00597-3,DEMO-00597,2026-08-20,Compact A,C,Final,PASS,None,0,2026-08-20T16:00:00
DEMO-00671-1,DEMO-00671,2026-08-23,Compact A,B,Body,PASS,None,0,2026-08-23T16:00:00
DEMO-00603-3,DEMO-00603,2026-08-21,Compact A,C,Final,PASS,None,0,2026-08-21T16:00:00
DEMO-00324-1,DEMO-00324,2026-08-11,Compact B,C,Body,PASS,None,0,2026-08-11T16:00:00
DEMO-00327-1,DEMO-00327,2026-08-11,Compact A,C,Body,PASS,None,0,2026-08-11T16:00:00
DEMO-00116-1,DEMO-00116,2026-08-04,Compact B,B,Body,PASS,None,0,2026-08-04T16:00:00
DEMO-00219-1,DEMO-00219,2026-08-08,Compact A,C,Body,PASS,None,0,2026-08-08T16:00:00
DEMO-00526-1,DEMO-00526,2026-08-18,Compact B,A,Body,PASS,None,0,2026-08-18T16:00:00
DEMO-00103-2,DEMO-00103,2026-08-04,Compact A,A,Paint,PASS,None,0,2026-08-04T16:00:00
DEMO-00259-2,DEMO-00259,2026-08-09,Compact A,A,Paint,PASS,None,0,2026-08-09T16:00:00
DEMO-00115-2,DEMO-00115,2026-08-04,Compact A,A,Paint,FAIL,Paint finish,48,2026-08-04T16:00:00
DEMO-00255-3,DEMO-00255,2026-08-09,Compact A,C,Final,PASS,None,0,2026-08-09T16:00:00
DEMO-00284-2,DEMO-00284,2026-08-10,Compact B,B,Paint,PASS,None,0,2026-08-10T16:00:00
DEMO-00124-3,DEMO-00124,2026-08-05,Compact B,A,Final,PASS,None,0,2026-08-05T16:00:00
DEMO-00668-3,DEMO-00668,2026-08-23,Compact B,B,Final,PASS,None,0,2026-08-23T16:00:00
DEMO-00453-1,DEMO-00453,2026-08-16,Compact A,C,Body,PASS,None,0,2026-08-16T16:00:00
DEMO-00134-2,DEMO-00134,2026-08-05,Compact B,B,Paint,PASS,None,0,2026-08-05T16:00:00
DEMO-00762-2,DEMO-00762,2026-08-26,Compact B,C,Paint,PASS,None,0,2026-08-26T16:00:00
DEMO-00446-2,DEMO-00446,2026-08-15,Compact B,B,Paint,PASS,None,0,2026-08-15T16:00:00
DEMO-00580-1,DEMO-00580,2026-08-20,Compact B,A,Body,PASS,None,0,2026-08-20T16:00:00
DEMO-00528-3,DEMO-00528,2026-08-18,Compact B,C,Final,PASS,None,0,2026-08-18T16:00:00
DEMO-00403-1,DEMO-00403,2026-08-14,Compact A,A,Body,FAIL,Panel gap,36,2026-08-14T16:00:00
DEMO-00013-3,DEMO-00013,2026-08-01,Compact A,A,Final,PASS,None,0,2026-08-01T16:00:00
DEMO-00355-1,DEMO-00355,2026-08-12,Compact A,A,Body,FAIL,Panel gap,39,2026-08-12T16:00:00
DEMO-00529-3,DEMO-00529,2026-08-18,Compact A,A,Final,PASS,None,0,2026-08-18T16:00:00
DEMO-00643-1,DEMO-00643,2026-08-22,Compact A,A,Body,FAIL,Panel gap,29,2026-08-22T16:00:00
DEMO-00008-1,DEMO-00008,2026-08-01,Compact B,B, body , pass ,None,0,2026-08-01T16:00:00
DEMO-00248-1,DEMO-00248,2026-08-09,Compact B,B,Body,PASS,None,0,2026-08-09T16:00:00
DEMO-00674-2,DEMO-00674,2026-08-23,Compact B,B,Paint,PASS,None,0,2026-08-23T16:00:00
DEMO-00102-1,DEMO-00102,2026-08-04,Compact B,C,Body,PASS,None,0,2026-08-04T16:00:00
DEMO-00396-3,DEMO-00396,2026-08-14,Compact B,C,Final,PASS,None,0,2026-08-14T16:00:00
DEMO-00321-3,DEMO-00321,2026-08-11,Compact A,C,Final,PASS,None,0,2026-08-11T16:00:00
DEMO-00530-3,DEMO-00530,2026-08-18,Compact B,B,Final,PASS,None,0,2026-08-18T16:00:00
DEMO-00317-1,DEMO-00317,2026-08-11,Compact A,B,Body,PASS,None,0,2026-08-11T16:00:00
DEMO-00110-3,DEMO-00110,2026-08-04,Compact B,B,Final,PASS,None,0,2026-08-04T16:00:00
DEMO-00085-1,DEMO-00085,2026-08-03,Compact A,A,Body,PASS,None,0,2026-08-03T16:00:00
DEMO-00500-2,DEMO-00500,2026-08-17,Compact B,B,Paint,PASS,None,0,2026-08-17T16:00:00
DEMO-00633-2,DEMO-00633,2026-08-22,Compact A,C,Paint,PASS,None,0,2026-08-22T16:00:00
DEMO-00480-2,DEMO-00480,2026-08-16,Compact B,C,Paint,PASS,None,0,2026-08-16T16:00:00
DEMO-00605-3,DEMO-00605,2026-08-21,Compact A,B,Final,PASS,None,0,2026-08-21T16:00:00
DEMO-00414-2,DEMO-00414,2026-08-14,Compact B,C,Paint,PASS,None,0,2026-08-14T16:00:00
DEMO-00794-3,DEMO-00794,2026-08-27,Compact B,B,Final,PASS,None,0,2026-08-27T16:00:00
DEMO-00297-1,DEMO-00297,2026-08-10,Compact A,C,Body,PASS,None,0,2026-08-10T16:00:00
DEMO-00761-1,DEMO-00761,2026-08-26,Compact A,B,Body,PASS,None,0,2026-08-26T16:00:00
DEMO-00105-1,DEMO-00105,2026-08-04,Compact A,C,Body,PASS,None,0,2026-08-04T16:00:00
DEMO-00329-2,DEMO-00329,2026-08-11,Compact A,B,Paint,PASS,None,0,2026-08-11T16:00:00
DEMO-00465-1,DEMO-00465,2026-08-16,Compact A,C,Body,PASS,None,0,2026-08-16T16:00:00
DEMO-00824-3,DEMO-00824,2026-08-28,Compact B,B,Final,PASS,None,0,2026-08-28T16:00:00
DEMO-00046-1,DEMO-00046,2026-08-02,Compact B,A,Body,PASS,None,0,2026-08-02T16:00:00
DEMO-00447-1,DEMO-00447,2026-08-15,Compact A,C,Body,PASS,None,0,2026-08-15T16:00:00
DEMO-00157-2,DEMO-00157,2026-08-06,Compact A,A,Paint,PASS,None,0,2026-08-06T16:00:00
DEMO-00246-2,DEMO-00246,2026-08-09,Compact B,C,Paint,PASS,None,0,2026-08-09T16:00:00
DEMO-00836-1,DEMO-00836,2026-08-28,Compact B,B,Body,PASS,None,0,2026-08-28T16:00:00
DEMO-00705-2,DEMO-00705,2026-08-24,Compact A,C,Paint,PASS,None,0,2026-08-24T16:00:00
DEMO-00244-1,DEMO-00244,2026-08-09,Compact B,A,Body,PASS,None,0,2026-08-09T16:00:00
DEMO-00275-3,DEMO-00275,2026-08-10,Compact A,B,Final,PASS,None,0,2026-08-10T16:00:00
DEMO-00583-3,DEMO-00583,2026-08-20,Compact A,A,Final,PASS,None,0,2026-08-20T16:00:00
DEMO-00374-1,DEMO-00374,2026-08-13,Compact B,B,Body,PASS,None,0,2026-08-13T16:00:00
DEMO-00212-1,DEMO-00212,2026-08-08,Compact B,B,Body,FAIL,Panel gap,33,2026-08-08T16:00:00
DEMO-00637-1,DEMO-00637,2026-08-22,Compact A,A,Body,PASS,None,0,2026-08-22T16:00:00
DEMO-00059-3,DEMO-00059,2026-08-02,Compact A,B,Final,PASS,None,0,2026-08-02T16:00:00
DEMO-00224-2,DEMO-00224,2026-08-08,Compact B,B,Paint,PASS,None,0,2026-08-08T16:00:00
DEMO-00681-3,DEMO-00681,2026-08-23,Compact A,C,Final,PASS,None,0,2026-08-23T16:00:00
DEMO-00343-1,DEMO-00343,2026-08-12,Compact A,A,Body,PASS,None,0,2026-08-12T16:00:00
DEMO-00080-2,DEMO-00080,2026-08-03,Compact B,B,Paint,FAIL,Surface inclusion,18,2026-08-03T16:00:00
DEMO-00210-2,DEMO-00210,2026-08-07,Compact B,C,Paint,FAIL,Surface inclusion,9,2026-08-07T16:00:00
DEMO-00378-1,DEMO-00378,2026-08-13,Compact B,C,Body,PASS,None,0,2026-08-13T16:00:00
DEMO-00687-2,DEMO-00687,2026-08-23,Compact A,C,Paint,FAIL,Surface inclusion,25,2026-08-23T16:00:00
DEMO-00619-2,DEMO-00619,2026-08-21,Compact A,A,Paint,FAIL,Paint finish,43,2026-08-21T16:00:00
DEMO-00209-2,DEMO-00209,2026-08-07,Compact A,B,Paint,PASS,None,0,2026-08-07T16:00:00
DEMO-00060-3,DEMO-00060,2026-08-02,Compact B,C,Final,PASS,None,0,2026-08-02T16:00:00
DEMO-00308-3,DEMO-00308,2026-08-11,Compact B,B,Final,PASS,None,0,2026-08-11T16:00:00
DEMO-00447-3,DEMO-00447,2026-08-15,Compact A,C,Final,PASS,None,0,2026-08-15T16:00:00
DEMO-00058-2,DEMO-00058,2026-08-02,Compact B,A,Paint,PASS,None,0,2026-08-02T16:00:00
DEMO-00042-2,DEMO-00042,2026-08-02,Compact B,C,Paint,FAIL,Surface inclusion,30,2026-08-02T16:00:00
DEMO-00350-3,DEMO-00350,2026-08-12,Compact B,B,Final,PASS,None,0,2026-08-12T16:00:00
DEMO-00336-3,DEMO-00336,2026-08-12,Compact B,C,Final,PASS,None,0,2026-08-12T16:00:00
DEMO-00164-1,DEMO-00164,2026-08-06,Compact B,B,Body,PASS,None,0,2026-08-06T16:00:00
DEMO-00318-1,DEMO-00318,2026-08-11,Compact B,C,Body,FAIL,Weld appearance,42,2026-08-11T16:00:00
DEMO-00400-3,DEMO-00400,2026-08-14,Compact B,A,Final,PASS,None,0,2026-08-14T16:00:00
DEMO-00299-1,DEMO-00299,2026-08-10,Compact A,B,Body,FAIL,Panel gap,40,2026-08-10T16:00:00
DEMO-00573-3,DEMO-00573,2026-08-20,Compact A,C,Final,PASS,None,0,2026-08-20T16:00:00
DEMO-00487-1,DEMO-00487,2026-08-17,Compact A,A,Body,PASS,None,0,2026-08-17T16:00:00
DEMO-00708-2,DEMO-00708,2026-08-24,Compact B,C,Paint,PASS,None,0,2026-08-24T16:00:00
DEMO-00756-2,DEMO-00756,2026-08-26,Compact B,C,Paint,PASS,None,0,2026-08-26T16:00:00
DEMO-00070-1,DEMO-00070,2026-08-03,Compact B,A,Body,PASS,None,0,2026-08-03T16:00:00
DEMO-00379-3,DEMO-00379,2026-08-13,Compact A,A,Final,PASS,None,0,2026-08-13T16:00:00
DEMO-00273-3,DEMO-00273,2026-08-10,Compact A,C,Final,PASS,None,0,2026-08-10T16:00:00
DEMO-00491-1,DEMO-00491,2026-08-17,Compact A,B,Body,PASS,None,0,2026-08-17T16:00:00
DEMO-00555-1,DEMO-00555,2026-08-19,Compact A,C,Body,PASS,None,0,2026-08-19T16:00:00
DEMO-00338-1,DEMO-00338,2026-08-12,Compact B,B,Body,PASS,None,0,2026-08-12T16:00:00
DEMO-00019-1,DEMO-00019,2026-08-01,Compact A,A,Body,PASS,None,0,2026-08-01T16:00:00
DEMO-00706-1,DEMO-00706,2026-08-24,Compact B,A,Body,PASS,None,0,2026-08-24T16:00:00
DEMO-00072-1,DEMO-00072,2026-08-03,Compact B,C,Body,PASS,None,0,2026-08-03T16:00:00
DEMO-00060-2,DEMO-00060,2026-08-02,Compact B,C,Paint,PASS,None,0,2026-08-02T16:00:00
DEMO-00639-2,DEMO-00639,2026-08-22,Compact A,C,Paint,PASS,None,0,2026-08-22T16:00:00
DEMO-00340-1,DEMO-00340,2026-08-12,Compact B,A,Body,PASS,None,0,2026-08-12T16:00:00
DEMO-00599-2,DEMO-00599,2026-08-20,Compact A,B,Paint,PASS,None,0,2026-08-20T16:00:00
DEMO-00365-2,DEMO-00365,2026-08-13,Compact A,B,Paint,PASS,None,0,2026-08-13T16:00:00
DEMO-00327-3,DEMO-00327,2026-08-11,Compact A,C,Final,PASS,None,0,2026-08-11T16:00:00
DEMO-00068-3,DEMO-00068,2026-08-03,Compact B,B,Final,PASS,None,0,2026-08-03T16:00:00
DEMO-00772-1,DEMO-00772,2026-08-26,Compact B,A,Body,PASS,None,0,2026-08-26T16:00:00
DEMO-00416-1,DEMO-00416,2026-08-14,Compact B,B,Body,PASS,None,0,2026-08-14T16:00:00
DEMO-00347-3,DEMO-00347,2026-08-12,Compact A,B,Final,PASS,None,0,2026-08-12T16:00:00
DEMO-00717-2,DEMO-00717,2026-08-24,Compact A,C,Paint,PASS,None,0,2026-08-24T16:00:00
DEMO-00626-2,DEMO-00626,2026-08-21,Compact B,B,Paint,PASS,None,0,2026-08-21T16:00:00
DEMO-00601-1,DEMO-00601,2026-08-21,Compact A,A,Body,PASS,None,0,2026-08-21T16:00:00
DEMO-00044-3,DEMO-00044,2026-08-02,Compact B,B,Final,PASS,None,0,2026-08-02T16:00:00
DEMO-00683-3,DEMO-00683,2026-08-23,Compact A,B,Final,PASS,None,0,2026-08-23T16:00:00
DEMO-00425-2,DEMO-00425,2026-08-15,Compact A,B,Paint,PASS,None,0,2026-08-15T16:00:00
DEMO-00212-3,DEMO-00212,2026-08-08,Compact B,B,Final,PASS,None,0,2026-08-08T16:00:00
DEMO-00686-1,DEMO-00686,2026-08-23,Compact B,B,Body,PASS,None,0,2026-08-23T16:00:00
DEMO-00460-3,DEMO-00460,2026-08-16,Compact B,A,Final,PASS,None,0,2026-08-16T16:00:00
DEMO-00310-3,DEMO-00310,2026-08-11,Compact B,A,Final,PASS,None,0,2026-08-11T16:00:00
DEMO-00087-2,DEMO-00087,2026-08-03,Compact A,C,Paint,PASS,None,0,2026-08-03T16:00:00
DEMO-00191-3,DEMO-00191,2026-08-07,Compact A,B,Final,PASS,None,0,2026-08-07T16:00:00
DEMO-00003-1,DEMO-00003,2026-08-01,Compact A,C,Body,FAIL,Weld appearance,50,2026-08-01T16:00:00
DEMO-00211-3,DEMO-00211,2026-08-08,Compact A,A,Final,PASS,None,0,2026-08-08T16:00:00
DEMO-00801-3,DEMO-00801,2026-08-27,Compact A,C,Final,PASS,None,0,2026-08-27T16:00:00
DEMO-00200-2,DEMO-00200,2026-08-07,Compact B,B,Paint,PASS,None,0,2026-08-07T16:00:00
DEMO-00712-2,DEMO-00712,2026-08-24,Compact B,A,Paint,PASS,None,0,2026-08-24T16:00:00
DEMO-00378-3,DEMO-00378,2026-08-13,Compact B,C,Final,PASS,None,0,2026-08-13T16:00:00
DEMO-00034-3,DEMO-00034,2026-08-02,Compact B,A,Final,PASS,None,0,2026-08-02T16:00:00
DEMO-00704-3,DEMO-00704,2026-08-24,Compact B,B,Final,PASS,None,0,2026-08-24T16:00:00
DEMO-00426-1,DEMO-00426,2026-08-15,Compact B,C,Body,PASS,None,0,2026-08-15T16:00:00
DEMO-00401-1,DEMO-00401,2026-08-14,Compact A,B,Body,PASS,None,0,2026-08-14T16:00:00
DEMO-00640-1,DEMO-00640,2026-08-22,Compact B,A,Body,PASS,None,0,2026-08-22T16:00:00
DEMO-00760-2,DEMO-00760,2026-08-26,Compact B,A,Paint,PASS,None,0,2026-08-26T16:00:00
DEMO-00263-2,DEMO-00263,2026-08-09,Compact A,B,Paint,PASS,None,0,2026-08-09T16:00:00
DEMO-00566-1,DEMO-00566,2026-08-19,Compact B,B,Body,PASS,None,0,2026-08-19T16:00:00
DEMO-00203-2,DEMO-00203,2026-08-07,Compact A,B,Paint,PASS,None,0,2026-08-07T16:00:00
DEMO-00731-2,DEMO-00731,2026-08-25,Compact A,B,Paint,PASS,None,0,2026-08-25T16:00:00
DEMO-00107-2,DEMO-00107,2026-08-04,Compact A,B,Paint,PASS,None,0,2026-08-04T16:00:00
DEMO-00612-2,DEMO-00612,2026-08-21,Compact B,C,Paint,PASS,None,0,2026-08-21T16:00:00
DEMO-00653-3,DEMO-00653,2026-08-22,Compact A,B,Final,PASS,None,0,2026-08-22T16:00:00
DEMO-00050-2,DEMO-00050,2026-08-02,Compact B,B,Paint,PASS,None,0,2026-08-02T16:00:00
DEMO-00661-3,DEMO-00661,2026-08-23,Compact A,A,Final,PASS,None,0,2026-08-23T16:00:00
DEMO-00364-1,DEMO-00364,2026-08-13,Compact B,A,Body,FAIL,Panel gap,21,2026-08-13T16:00:00
DEMO-00127-2,DEMO-00127,2026-08-05,Compact A,A,Paint,PASS,None,0,2026-08-05T16:00:00
DEMO-00594-3,DEMO-00594,2026-08-20,Compact B,C,Final,PASS,None,0,2026-08-20T16:00:00
DEMO-00795-2,DEMO-00795,2026-08-27,Compact A,C,Paint,PASS,None,0,2026-08-27T16:00:00
DEMO-00067-1,DEMO-00067,2026-08-03,Compact A,A,Body,PASS,None,0,2026-08-03T16:00:00
DEMO-00645-3,DEMO-00645,2026-08-22,Compact A,C,Final,PASS,None,0,2026-08-22T16:00:00
DEMO-00540-1,DEMO-00540,2026-08-18,Compact B,C,Body,PASS,None,0,2026-08-18T16:00:00
DEMO-00265-1,DEMO-00265,2026-08-09,Compact A,A,Body,PASS,None,0,2026-08-09T16:00:00
DEMO-00485-3,DEMO-00485,2026-08-17,Compact A,B,Final,PASS,None,0,2026-08-17T16:00:00
DEMO-00366-2,DEMO-00366,2026-08-13,Compact B,C,Paint,PASS,None,0,2026-08-13T16:00:00
DEMO-00237-1,DEMO-00237,2026-08-08,Compact A,C,Body,FAIL,Panel gap,43,2026-08-08T16:00:00
DEMO-00231-3,DEMO-00231,2026-08-08,Compact A,C,Final,PASS,None,0,2026-08-08T16:00:00
DEMO-00545-3,DEMO-00545,2026-08-19,Compact A,B,Final,PASS,None,0,2026-08-19T16:00:00
DEMO-00523-3,DEMO-00523,2026-08-18,Compact A,A,Final,PASS,None,0,2026-08-18T16:00:00
DEMO-00112-1,DEMO-00112,2026-08-04,Compact B,A,Body,PASS,None,0,2026-08-04T16:00:00
DEMO-00322-1,DEMO-00322,2026-08-11,Compact B,A,Body,PASS,None,0,2026-08-11T16:00:00
DEMO-00422-2,DEMO-00422,2026-08-15,Compact B,B,Paint,PASS,None,0,2026-08-15T16:00:00
DEMO-00643-2,DEMO-00643,2026-08-22,Compact A,A,Paint,PASS,None,0,2026-08-22T16:00:00
DEMO-00586-3,DEMO-00586,2026-08-20,Compact B,A,Final,PASS,None,0,2026-08-20T16:00:00
DEMO-00151-1,DEMO-00151,2026-08-06,Compact A,A,Body,PASS,None,0,2026-08-06T16:00:00
DEMO-00304-2,DEMO-00304,2026-08-11,Compact B,A,Paint,PASS,None,0,2026-08-11T16:00:00
DEMO-00695-1,DEMO-00695,2026-08-24,Compact A,B,Body,PASS,None,0,2026-08-24T16:00:00
DEMO-00272-2,DEMO-00272,2026-08-10,Compact B,B,Paint,PASS,None,0,2026-08-10T16:00:00
DEMO-00713-1,DEMO-00713,2026-08-24,Compact A,B,Body,PASS,None,0,2026-08-24T16:00:00
DEMO-00011-2,DEMO-00011,2026-08-01,Compact A,B,Paint,PASS,None,0,2026-08-01T16:00:00
DEMO-00545-2,DEMO-00545,2026-08-19,Compact A,B,Paint,PASS,None,0,2026-08-19T16:00:00
DEMO-00718-1,DEMO-00718,2026-08-24,Compact B,A,Body,PASS,None,0,2026-08-24T16:00:00
DEMO-00293-2,DEMO-00293,2026-08-10,Compact A,B,Paint,PASS,None,0,2026-08-10T16:00:00
DEMO-00549-3,DEMO-00549,2026-08-19,Compact A,C,Final,PASS,None,0,2026-08-19T16:00:00
DEMO-00666-1,DEMO-00666,2026-08-23,Compact B,C,Body,PASS,None,0,2026-08-23T16:00:00
DEMO-00774-2,DEMO-00774,2026-08-26,Compact B,C,Paint,PASS,None,0,2026-08-26T16:00:00
DEMO-00089-2,DEMO-00089,2026-08-03,Compact A,B,Paint,PASS,None,0,2026-08-03T16:00:00
DEMO-00403-2,DEMO-00403,2026-08-14,Compact A,A,Paint,FAIL,Surface inclusion,38,2026-08-14T16:00:00
DEMO-00321-2,DEMO-00321,2026-08-11,Compact A,C,Paint,PASS,None,0,2026-08-11T16:00:00
DEMO-00715-1,DEMO-00715,2026-08-24,Compact A,A,Body,PASS,None,0,2026-08-24T16:00:00
DEMO-00766-1,DEMO-00766,2026-08-26,Compact B,A,Body,FAIL,Weld appearance,44,2026-08-26T16:00:00
DEMO-00745-1,DEMO-00745,2026-08-25,Compact A,A,Body,PASS,None,0,2026-08-25T16:00:00
DEMO-00282-2,DEMO-00282,2026-08-10,Compact B,C,Paint,PASS,None,0,2026-08-10T16:00:00
DEMO-00552-2,DEMO-00552,2026-08-19,Compact B,C,Paint,PASS,None,0,2026-08-19T16:00:00
DEMO-00053-3,DEMO-00053,2026-08-02,Compact A,B,Final,PASS,None,0,2026-08-02T16:00:00
DEMO-00033-2,DEMO-00033,2026-08-02,Compact A,C,Paint,FAIL,Surface inclusion,42,2026-08-02T16:00:00
DEMO-00218-3,DEMO-00218,2026-08-08,Compact B,B,Final,FAIL,Function check,10,2026-08-08T16:00:00
DEMO-00739-2,DEMO-00739,2026-08-25,Compact A,A,Paint,PASS,None,0,2026-08-25T16:00:00
DEMO-00289-2,DEMO-00289,2026-08-10,Compact A,A,Paint,PASS,None,0,2026-08-10T16:00:00
DEMO-00147-2,DEMO-00147,2026-08-05,Compact A,C,Paint,PASS,None,0,2026-08-05T16:00:00
DEMO-00825-1,DEMO-00825,2026-08-28,Compact A,C,Body,PASS,None,0,2026-08-28T16:00:00
DEMO-00808-2,DEMO-00808,2026-08-27,Compact B,A,Paint,PASS,None,0,2026-08-27T16:00:00
DEMO-00321-1,DEMO-00321,2026-08-11,Compact A,C,Body,PASS,None,0,2026-08-11T16:00:00
DEMO-00332-1,DEMO-00332,2026-08-12,Compact B,B,Body,PASS,None,0,2026-08-12T16:00:00
DEMO-00138-2,DEMO-00138,2026-08-05,Compact B,C,Paint,PASS,None,0,2026-08-05T16:00:00
DEMO-00156-2,DEMO-00156,2026-08-06,Compact B,C,Paint,PASS,None,0,2026-08-06T16:00:00
DEMO-00122-3,DEMO-00122,2026-08-05,Compact B,B,Final,PASS,None,0,2026-08-05T16:00:00
DEMO-00356-2,DEMO-00356,2026-08-12,Compact B,B,Paint,PASS,None,0,2026-08-12T16:00:00
DEMO-00275-2,DEMO-00275,2026-08-10,Compact A,B,Paint,PASS,None,0,2026-08-10T16:00:00
DEMO-00751-1,DEMO-00751,2026-08-26,Compact A,A,Body,PASS,None,0,2026-08-26T16:00:00
DEMO-00064-1,DEMO-00064,2026-08-03,Compact B,A,Body,FAIL,Panel gap,47,2026-08-03T16:00:00
DEMO-00444-2,DEMO-00444,2026-08-15,Compact B,C,Paint,FAIL,Paint finish,46,2026-08-15T16:00:00
DEMO-00629-1,DEMO-00629,2026-08-21,Compact A,B,Body,PASS,None,0,2026-08-21T16:00:00
DEMO-00435-1,DEMO-00435,2026-08-15,Compact A,C,Body,PASS,None,0,2026-08-15T16:00:00
DEMO-00715-2,DEMO-00715,2026-08-24,Compact A,A,Paint,PASS,None,0,2026-08-24T16:00:00
DEMO-00592-3,DEMO-00592,2026-08-20,Compact B,A,Final,FAIL,Fit and finish,40,2026-08-20T16:00:00
DEMO-00005-1,DEMO-00005,2026-08-01,Compact A,B,Body,PASS,None,0,2026-08-01T16:00:00
DEMO-00482-1,DEMO-00482,2026-08-17,Compact B,B,Body,PASS,None,0,2026-08-17T16:00:00
DEMO-00505-2,DEMO-00505,2026-08-17,Compact A,A,Paint,PASS,None,0,2026-08-17T16:00:00
DEMO-00320-2,DEMO-00320,2026-08-11,Compact B,B,Paint,PASS,None,0,2026-08-11T16:00:00
DEMO-00387-2,DEMO-00387,2026-08-13,Compact A,C,Paint,PASS,None,0,2026-08-13T16:00:00
DEMO-00690-3,DEMO-00690,2026-08-23,Compact B,C,Final,PASS,None,0,2026-08-23T16:00:00
DEMO-00540-2,DEMO-00540,2026-08-18,Compact B,C,Paint,PASS,None,0,2026-08-18T16:00:00
DEMO-00433-2,DEMO-00433,2026-08-15,Compact A,A,Paint,FAIL,Surface inclusion,21,2026-08-15T16:00:00
DEMO-00042-3,DEMO-00042,2026-08-02,Compact B,C,Final,PASS,None,0,2026-08-02T16:00:00
DEMO-00309-3,DEMO-00309,2026-08-11,Compact A,C,Final,PASS,None,0,2026-08-11T16:00:00
DEMO-00766-3,DEMO-00766,2026-08-26,Compact B,A,Final,PASS,None,0,2026-08-26T16:00:00
DEMO-00840-2,DEMO-00840,2026-08-28,Compact B,C,Paint,PASS,None,0,2026-08-28T16:00:00
DEMO-00547-1,DEMO-00547,2026-08-19,Compact A,A,Body,PASS,None,0,2026-08-19T16:00:00
DEMO-00443-2,DEMO-00443,2026-08-15,Compact A,B,Paint,PASS,None,0,2026-08-15T16:00:00
DEMO-00546-3,DEMO-00546,2026-08-19,Compact B,C,Final,PASS,None,0,2026-08-19T16:00:00
DEMO-00367-3,DEMO-00367,2026-08-13,Compact A,A,Final,PASS,None,0,2026-08-13T16:00:00
DEMO-00456-1,DEMO-00456,2026-08-16,Compact B,C,Body,PASS,None,0,2026-08-16T16:00:00
DEMO-00787-2,DEMO-00787,2026-08-27,Compact A,A,Paint,PASS,None,0,2026-08-27T16:00:00
DEMO-00749-2,DEMO-00749,2026-08-25,Compact A,B,Paint,PASS,None,0,2026-08-25T16:00:00
DEMO-00431-1,DEMO-00431,2026-08-15,Compact A,B,Body,FAIL,Panel gap,34,2026-08-15T16:00:00
DEMO-00257-2,DEMO-00257,2026-08-09,Compact A,B,Paint,PASS,None,0,2026-08-09T16:00:00
DEMO-00411-3,DEMO-00411,2026-08-14,Compact A,C,Final,PASS,None,0,2026-08-14T16:00:00
DEMO-00415-1,DEMO-00415,2026-08-14,Compact A,A,Body,PASS,None,0,2026-08-14T16:00:00
DEMO-00227-2,DEMO-00227,2026-08-08,Compact A,B,Paint,PASS,None,0,2026-08-08T16:00:00
DEMO-00228-3,DEMO-00228,2026-08-08,Compact B,C,Final,PASS,None,0,2026-08-08T16:00:00
DEMO-00714-1,DEMO-00714,2026-08-24,Compact B,C,Body,PASS,None,0,2026-08-24T16:00:00
DEMO-00758-2,DEMO-00758,2026-08-26,Compact B,B,Paint,PASS,None,0,2026-08-26T16:00:00
DEMO-00128-1,DEMO-00128,2026-08-05,Compact B,B,Body,PASS,None,0,2026-08-05T16:00:00
DEMO-00689-3,DEMO-00689,2026-08-23,Compact A,B,Final,FAIL,Function check,21,2026-08-23T16:00:00
DEMO-00528-2,DEMO-00528,2026-08-18,Compact B,C,Paint,PASS,None,0,2026-08-18T16:00:00
DEMO-00202-2,DEMO-00202,2026-08-07,Compact B,A,Paint,PASS,None,0,2026-08-07T16:00:00
DEMO-00162-1,DEMO-00162,2026-08-06,Compact B,C,Body,PASS,None,0,2026-08-06T16:00:00
DEMO-00507-2,DEMO-00507,2026-08-17,Compact A,C,Paint,PASS,None,0,2026-08-17T16:00:00
DEMO-00397-1,DEMO-00397,2026-08-14,Compact A,A,Body,PASS,None,0,2026-08-14T16:00:00
DEMO-00714-3,DEMO-00714,2026-08-24,Compact B,C,Final,PASS,None,0,2026-08-24T16:00:00
DEMO-00752-1,DEMO-00752,2026-08-26,Compact B,B,Body,PASS,None,0,2026-08-26T16:00:00
DEMO-00344-3,DEMO-00344,2026-08-12,Compact B,B,Final,PASS,None,0,2026-08-12T16:00:00
DEMO-00114-2,DEMO-00114,2026-08-04,Compact B,C,Paint,FAIL,Surface inclusion,32,2026-08-04T16:00:00
DEMO-00757-1,DEMO-00757,2026-08-26,Compact A,A,Body,PASS,None,0,2026-08-26T16:00:00
DEMO-00521-2,DEMO-00521,2026-08-18,Compact A,B,Paint,PASS,None,0,2026-08-18T16:00:00
DEMO-00399-1,DEMO-00399,2026-08-14,Compact A,C,Body,PASS,None,0,2026-08-14T16:00:00
DEMO-00384-2,DEMO-00384,2026-08-13,Compact B,C,Paint,PASS,None,0,2026-08-13T16:00:00
DEMO-00746-3,DEMO-00746,2026-08-25,Compact B,B,Final,PASS,None,0,2026-08-25T16:00:00
DEMO-00733-3,DEMO-00733,2026-08-25,Compact A,A,Final,PASS,None,0,2026-08-25T16:00:00
DEMO-00593-2,DEMO-00593,2026-08-20,Compact A,B,Paint,PASS,None,0,2026-08-20T16:00:00
DEMO-00177-2,DEMO-00177,2026-08-06,Compact A,C,Paint,PASS,None,0,2026-08-06T16:00:00
DEMO-00561-2,DEMO-00561,2026-08-19,Compact A,C,Paint,PASS,None,0,2026-08-19T16:00:00
DEMO-00156-3,DEMO-00156,2026-08-06,Compact B,C,Final,PASS,None,0,2026-08-06T16:00:00
DEMO-00208-2,DEMO-00208,2026-08-07,Compact B,A,Paint,PASS,None,0,2026-08-07T16:00:00
DEMO-00700-3,DEMO-00700,2026-08-24,Compact B,A,Final,PASS,None,0,2026-08-24T16:00:00
DEMO-00337-1,DEMO-00337,2026-08-12,Compact A,A,Body,FAIL,Panel gap,43,2026-08-12T16:00:00
DEMO-00248-2,DEMO-00248,2026-08-09,Compact B,B,Paint,PASS,None,0,2026-08-09T16:00:00
DEMO-00055-1,DEMO-00055,2026-08-02,Compact A,A,Body,PASS,None,0,2026-08-02T16:00:00
DEMO-00223-2,DEMO-00223,2026-08-08,Compact A,A,Paint,PASS,None,0,2026-08-08T16:00:00
DEMO-00502-3,DEMO-00502,2026-08-17,Compact B,A,Final,PASS,None,0,2026-08-17T16:00:00
DEMO-00501-1,DEMO-00501,2026-08-17,Compact A,C,Body,PASS,None,0,2026-08-17T16:00:00
DEMO-00800-1,DEMO-00800,2026-08-27,Compact B,B,Body,FAIL,Weld appearance,36,2026-08-27T16:00:00
DEMO-00670-2,DEMO-00670,2026-08-23,Compact B,A,Paint,PASS,None,0,2026-08-23T16:00:00
DEMO-00295-2,DEMO-00295,2026-08-10,Compact A,A,Paint,PASS,None,0,2026-08-10T16:00:00
DEMO-00790-1,DEMO-00790,2026-08-27,Compact B,A,Body,PASS,None,0,2026-08-27T16:00:00
DEMO-00418-1,DEMO-00418,2026-08-14,Compact B,A,Body,PASS,None,0,2026-08-14T16:00:00
DEMO-00315-2,DEMO-00315,2026-08-11,Compact A,C,Paint,PASS,None,0,2026-08-11T16:00:00
DEMO-00082-3,DEMO-00082,2026-08-03,Compact B,A,Final,PASS,None,0,2026-08-03T16:00:00
DEMO-00438-1,DEMO-00438,2026-08-15,Compact B,C,Body,PASS,None,0,2026-08-15T16:00:00
DEMO-00080-1,DEMO-00080,2026-08-03,Compact B,B,Body,FAIL,Panel gap,13,2026-08-03T16:00:00
DEMO-00451-1,DEMO-00451,2026-08-16,Compact A,A,Body,PASS,None,0,2026-08-16T16:00:00
DEMO-00632-3,DEMO-00632,2026-08-22,Compact B,B,Final,PASS,None,0,2026-08-22T16:00:00
DEMO-00261-1,DEMO-00261,2026-08-09,Compact A,C,Body,PASS,None,0,2026-08-09T16:00:00
DEMO-00545-1,DEMO-00545,2026-08-19,Compact A,B,Body,PASS,None,0,2026-08-19T16:00:00
DEMO-00203-1,DEMO-00203,2026-08-07,Compact A,B,Body,PASS,None,0,2026-08-07T16:00:00
DEMO-00183-3,DEMO-00183,2026-08-07,Compact A,C,Final,PASS,None,0,2026-08-07T16:00:00
DEMO-00354-1,DEMO-00354,2026-08-12,Compact B,C,Body,PASS,None,0,2026-08-12T16:00:00
DEMO-00734-2,DEMO-00734,2026-08-25,Compact B,B,Paint,PASS,None,0,2026-08-25T16:00:00
DEMO-00231-1,DEMO-00231,2026-08-08,Compact A,C,Body,FAIL,Weld appearance,19,2026-08-08T16:00:00
DEMO-00035-2,DEMO-00035,2026-08-02,Compact A,B,Paint,FAIL,Surface inclusion,43,2026-08-02T16:00:00
DEMO-00425-3,DEMO-00425,2026-08-15,Compact A,B,Final,PASS,None,0,2026-08-15T16:00:00
DEMO-00372-2,DEMO-00372,2026-08-13,Compact B,C,Paint,PASS,None,0,2026-08-13T16:00:00
DEMO-00083-2,DEMO-00083,2026-08-03,Compact A,B,Paint,FAIL,Paint finish,14,2026-08-03T16:00:00
DEMO-00593-1,DEMO-00593,2026-08-20,Compact A,B,Body,PASS,None,0,2026-08-20T16:00:00
DEMO-00290-2,DEMO-00290,2026-08-10,Compact B,B,Paint,PASS,None,0,2026-08-10T16:00:00
DEMO-00070-3,DEMO-00070,2026-08-03,Compact B,A,Final,PASS,None,0,2026-08-03T16:00:00
DEMO-00349-3,DEMO-00349,2026-08-12,Compact A,A,Final,PASS,None,0,2026-08-12T16:00:00
DEMO-00174-1,DEMO-00174,2026-08-06,Compact B,C,Body,PASS,None,0,2026-08-06T16:00:00
DEMO-00500-1,DEMO-00500,2026-08-17,Compact B,B,Body,PASS,None,0,2026-08-17T16:00:00
DEMO-00429-3,DEMO-00429,2026-08-15,Compact A,C,Final,PASS,None,0,2026-08-15T16:00:00
DEMO-00409-2,DEMO-00409,2026-08-14,Compact A,A,Paint,PASS,None,0,2026-08-14T16:00:00
DEMO-00737-1,DEMO-00737,2026-08-25,Compact A,B,Body,PASS,None,0,2026-08-25T16:00:00
DEMO-00161-3,DEMO-00161,2026-08-06,Compact A,B,Final,PASS,None,0,2026-08-06T16:00:00
DEMO-00040-1,DEMO-00040,2026-08-02,Compact B,A,Body,PASS,None,0,2026-08-02T16:00:00
DEMO-00004-3,DEMO-00004,2026-08-01,Compact B,A,Final,PASS,None,0,2026-08-01T16:00:00
DEMO-00421-2,DEMO-00421,2026-08-15,Compact A,A,Paint,FAIL,Surface inclusion,9,2026-08-15T16:00:00
DEMO-00709-3,DEMO-00709,2026-08-24,Compact A,A,Final,PASS,None,0,2026-08-24T16:00:00
DEMO-00027-1,DEMO-00027,2026-08-01,Compact A,C,Body,PASS,None,0,2026-08-01T16:00:00
DEMO-00807-2,DEMO-00807,2026-08-27,Compact A,C,Paint,PASS,None,0,2026-08-27T16:00:00
DEMO-00395-1,DEMO-00395,2026-08-14,Compact A,B,Body,PASS,None,0,2026-08-14T16:00:00
DEMO-00819-2,DEMO-00819,2026-08-28,Compact A,C,Paint,PASS,None,0,2026-08-28T16:00:00
DEMO-00092-2,DEMO-00092,2026-08-04,Compact B,B,Paint,PASS,None,0,2026-08-04T16:00:00
DEMO-00612-3,DEMO-00612,2026-08-21,Compact B,C,Final,PASS,None,0,2026-08-21T16:00:00
DEMO-00570-2,DEMO-00570,2026-08-19,Compact B,C,Paint,FAIL,Surface inclusion,46,2026-08-19T16:00:00
DEMO-00352-3,DEMO-00352,2026-08-12,Compact B,A,Final,PASS,None,0,2026-08-12T16:00:00
DEMO-00031-1,DEMO-00031,2026-08-02,Compact A,A,Body,PASS,None,0,2026-08-02T16:00:00
DEMO-00095-2,DEMO-00095,2026-08-04,Compact A,B,Paint,PASS,None,0,2026-08-04T16:00:00
DEMO-00218-2,DEMO-00218,2026-08-08,Compact B,B,Paint,PASS,None,0,2026-08-08T16:00:00
DEMO-00353-3,DEMO-00353,2026-08-12,Compact A,B,Final,PASS,None,0,2026-08-12T16:00:00
DEMO-00494-3,DEMO-00494,2026-08-17,Compact B,B,Final,PASS,None,0,2026-08-17T16:00:00
DEMO-00270-1,DEMO-00270,2026-08-09,Compact B,C,Body,PASS,None,0,2026-08-09T16:00:00
DEMO-00495-3,DEMO-00495,2026-08-17,Compact A,C,Final,PASS,None,0,2026-08-17T16:00:00
DEMO-00250-2,DEMO-00250,2026-08-09,Compact B,A,Paint,FAIL,Paint finish,41,2026-08-09T16:00:00
DEMO-00703-1,DEMO-00703,2026-08-24,Compact A,A,Body,PASS,None,0,2026-08-24T16:00:00
DEMO-00645-2,DEMO-00645,2026-08-22,Compact A,C,Paint,PASS,None,0,2026-08-22T16:00:00
DEMO-00656-2,DEMO-00656,2026-08-22,Compact B,B,Paint,PASS,None,0,2026-08-22T16:00:00
DEMO-00169-2,DEMO-00169,2026-08-06,Compact A,A,Paint,PASS,None,0,2026-08-06T16:00:00
DEMO-00277-3,DEMO-00277,2026-08-10,Compact A,A,Final,PASS,None,0,2026-08-10T16:00:00
DEMO-00427-2,DEMO-00427,2026-08-15,Compact A,A,Paint,PASS,None,0,2026-08-15T16:00:00
DEMO-00051-3,DEMO-00051,2026-08-02,Compact A,C,Final,PASS,None,0,2026-08-02T16:00:00
DEMO-00508-1,DEMO-00508,2026-08-17,Compact B,A,Body,PASS,None,0,2026-08-17T16:00:00
DEMO-00684-2,DEMO-00684,2026-08-23,Compact B,C,Paint,PASS,None,0,2026-08-23T16:00:00
DEMO-00013-2,DEMO-00013,2026-08-01,Compact A,A,Paint,PASS,None,0,2026-08-01T16:00:00
DEMO-00138-1,DEMO-00138,2026-08-05,Compact B,C,Body,FAIL,Panel gap,31,2026-08-05T16:00:00
DEMO-00071-1,DEMO-00071,2026-08-03,Compact A,B,Body,PASS,None,0,2026-08-03T16:00:00
DEMO-00375-2,DEMO-00375,2026-08-13,Compact A,C,Paint,FAIL,Surface inclusion,20,2026-08-13T16:00:00
DEMO-00683-2,DEMO-00683,2026-08-23,Compact A,B,Paint,PASS,None,0,2026-08-23T16:00:00
DEMO-00774-3,DEMO-00774,2026-08-26,Compact B,C,Final,PASS,None,0,2026-08-26T16:00:00
DEMO-00609-1,DEMO-00609,2026-08-21,Compact A,C,Body,PASS,None,0,2026-08-21T16:00:00
DEMO-00585-2,DEMO-00585,2026-08-20,Compact A,C,Paint,PASS,None,0,2026-08-20T16:00:00
DEMO-00195-3,DEMO-00195,2026-08-07,Compact A,C,Final,PASS,None,0,2026-08-07T16:00:00
DEMO-00574-2,DEMO-00574,2026-08-20,Compact B,A,Paint,PASS,None,0,2026-08-20T16:00:00
DEMO-00828-2,DEMO-00828,2026-08-28,Compact B,C,Paint,PASS,None,0,2026-08-28T16:00:00
DEMO-00753-3,DEMO-00753,2026-08-26,Compact A,C,Final,PASS,None,0,2026-08-26T16:00:00
DEMO-00468-2,DEMO-00468,2026-08-16,Compact B,C,Paint,PASS,None,0,2026-08-16T16:00:00
DEMO-00283-3,DEMO-00283,2026-08-10,Compact A,A,Final,PASS,None,0,2026-08-10T16:00:00
DEMO-00625-2,DEMO-00625,2026-08-21,Compact A,A,Paint,PASS,None,0,2026-08-21T16:00:00
DEMO-00443-3,DEMO-00443,2026-08-15,Compact A,B,Final,PASS,None,0,2026-08-15T16:00:00
DEMO-00381-1,DEMO-00381,2026-08-13,Compact A,C,Body,PASS,None,0,2026-08-13T16:00:00
DEMO-00609-2,DEMO-00609,2026-08-21,Compact A,C,Paint,PASS,None,0,2026-08-21T16:00:00
DEMO-00475-1,DEMO-00475,2026-08-16,Compact A,A,Body,PASS,None,0,2026-08-16T16:00:00
DEMO-00031-3,DEMO-00031,2026-08-02,Compact A,A,Final,PASS,None,0,2026-08-02T16:00:00
DEMO-00499-3,DEMO-00499,2026-08-17,Compact A,A,Final,PASS,None,0,2026-08-17T16:00:00
DEMO-00022-1,DEMO-00022,2026-08-01,Compact B,A,Body,PASS,None,0,2026-08-01T16:00:00
DEMO-00489-3,DEMO-00489,2026-08-17,Compact A,C,Final,PASS,None,0,2026-08-17T16:00:00
DEMO-00711-2,DEMO-00711,2026-08-24,Compact A,C,Paint,PASS,None,0,2026-08-24T16:00:00
DEMO-00713-3,DEMO-00713,2026-08-24,Compact A,B,Final,PASS,None,0,2026-08-24T16:00:00
DEMO-00210-1,DEMO-00210,2026-08-07,Compact B,C,Body,PASS,None,0,2026-08-07T16:00:00
DEMO-00567-3,DEMO-00567,2026-08-19,Compact A,C,Final,PASS,None,0,2026-08-19T16:00:00
DEMO-00445-2,DEMO-00445,2026-08-15,Compact A,A,Paint,PASS,None,0,2026-08-15T16:00:00
DEMO-00582-2,DEMO-00582,2026-08-20,Compact B,C,Paint,FAIL,Paint finish,47,2026-08-20T16:00:00
DEMO-00519-2,DEMO-00519,2026-08-18,Compact A,C,Paint,PASS,None,0,2026-08-18T16:00:00
DEMO-00392-1,DEMO-00392,2026-08-14,Compact B,B,Body,PASS,None,0,2026-08-14T16:00:00
DEMO-00178-2,DEMO-00178,2026-08-06,Compact B,A,Paint,PASS,None,0,2026-08-06T16:00:00
DEMO-00356-1,DEMO-00356,2026-08-12,Compact B,B,Body,FAIL,Weld appearance,21,2026-08-12T16:00:00
DEMO-00099-1,DEMO-00099,2026-08-04,Compact A,C,Body,PASS,None,0,2026-08-04T16:00:00
DEMO-00195-1,DEMO-00195,2026-08-07,Compact A,C,Body,PASS,None,0,2026-08-07T16:00:00
DEMO-00052-2,DEMO-00052,2026-08-02,Compact B,A,Paint,PASS,None,0,2026-08-02T16:00:00
DEMO-00167-2,DEMO-00167,2026-08-06,Compact A,B,Paint,FAIL,Paint finish,37,2026-08-06T16:00:00
DEMO-00781-1,DEMO-00781,2026-08-27,Compact A,A,Body,PASS,None,0,2026-08-27T16:00:00
DEMO-00307-2,DEMO-00307,2026-08-11,Compact A,A,Paint,FAIL,Paint finish,47,2026-08-11T16:00:00
DEMO-00566-2,DEMO-00566,2026-08-19,Compact B,B,Paint,FAIL,Surface inclusion,46,2026-08-19T16:00:00
DEMO-00452-1,DEMO-00452,2026-08-16,Compact B,B,Body,PASS,None,0,2026-08-16T16:00:00
DEMO-00097-1,DEMO-00097,2026-08-04,Compact A,A,Body,PASS,None,0,2026-08-04T16:00:00
DEMO-00726-2,DEMO-00726,2026-08-25,Compact B,C,Paint,PASS,None,0,2026-08-25T16:00:00
DEMO-00665-1,DEMO-00665,2026-08-23,Compact A,B,Body,FAIL,Panel gap,14,2026-08-23T16:00:00
DEMO-00084-1,DEMO-00084,2026-08-03,Compact B,C,Body,PASS,None,0,2026-08-03T16:00:00
DEMO-00054-2,DEMO-00054,2026-08-02,Compact B,C,Paint,PASS,None,0,2026-08-02T16:00:00
DEMO-00306-2,DEMO-00306,2026-08-11,Compact B,C,Paint,PASS,None,0,2026-08-11T16:00:00
DEMO-00194-2,DEMO-00194,2026-08-07,Compact B,B,Paint,PASS,None,0,2026-08-07T16:00:00
DEMO-00269-2,DEMO-00269,2026-08-09,Compact A,B,Paint,PASS,None,0,2026-08-09T16:00:00
DEMO-00025-2,DEMO-00025,2026-08-01,Compact A,A,Paint,PASS,None,0,2026-08-01T16:00:00
DEMO-00331-3,DEMO-00331,2026-08-12,Compact A,A,Final,PASS,None,0,2026-08-12T16:00:00
DEMO-00575-2,DEMO-00575,2026-08-20,Compact A,B,Paint,PASS,None,0,2026-08-20T16:00:00
DEMO-00531-2,DEMO-00531,2026-08-18,Compact A,C,Paint,PASS,None,0,2026-08-18T16:00:00
DEMO-00007-3,DEMO-00007,2026-08-01,Compact A,A, final , pass ,None,0,2026-08-01T16:00:00
DEMO-00217-1,DEMO-00217,2026-08-08,Compact A,A,Body,PASS,None,0,2026-08-08T16:00:00
DEMO-00328-1,DEMO-00328,2026-08-11,Compact B,A,Body,PASS,None,0,2026-08-11T16:00:00
DEMO-00456-3,DEMO-00456,2026-08-16,Compact B,C,Final,FAIL,Function check,38,2026-08-16T16:00:00
DEMO-00003-2,DEMO-00003,2026-08-01,Compact A,C,Paint,FAIL,Surface inclusion,8,2026-08-01T16:00:00
DEMO-00386-2,DEMO-00386,2026-08-13,Compact B,B,Paint,PASS,None,0,2026-08-13T16:00:00
DEMO-00105-3,DEMO-00105,2026-08-04,Compact A,C,Final,PASS,None,0,2026-08-04T16:00:00
DEMO-00695-3,DEMO-00695,2026-08-24,Compact A,B,Final,FAIL,Function check,50,2026-08-24T16:00:00
DEMO-00338-3,DEMO-00338,2026-08-12,Compact B,B,Final,PASS,None,0,2026-08-12T16:00:00
DEMO-00463-1,DEMO-00463,2026-08-16,Compact A,A,Body,PASS,None,0,2026-08-16T16:00:00
DEMO-00600-3,DEMO-00600,2026-08-20,Compact B,C,Final,PASS,None,0,2026-08-20T16:00:00
DEMO-00247-1,DEMO-00247,2026-08-09,Compact A,A,Body,PASS,None,0,2026-08-09T16:00:00
DEMO-00221-1,DEMO-00221,2026-08-08,Compact A,B,Body,PASS,None,0,2026-08-08T16:00:00
DEMO-00417-1,DEMO-00417,2026-08-14,Compact A,C,Body,PASS,None,0,2026-08-14T16:00:00
DEMO-00563-3,DEMO-00563,2026-08-19,Compact A,B,Final,FAIL,Fit and finish,14,2026-08-19T16:00:00
DEMO-00643-3,DEMO-00643,2026-08-22,Compact A,A,Final,FAIL,Fit and finish,13,2026-08-22T16:00:00
DEMO-00222-2,DEMO-00222,2026-08-08,Compact B,C,Paint,PASS,None,0,2026-08-08T16:00:00
DEMO-00239-3,DEMO-00239,2026-08-08,Compact A,B,Final,FAIL,Function check,24,2026-08-08T16:00:00
DEMO-00738-2,DEMO-00738,2026-08-25,Compact B,C,Paint,PASS,None,0,2026-08-25T16:00:00
DEMO-00177-3,DEMO-00177,2026-08-06,Compact A,C,Final,PASS,None,0,2026-08-06T16:00:00
DEMO-00543-1,DEMO-00543,2026-08-19,Compact A,C,Body,PASS,None,0,2026-08-19T16:00:00
DEMO-00619-1,DEMO-00619,2026-08-21,Compact A,A,Body,FAIL,Weld appearance,13,2026-08-21T16:00:00
DEMO-00379-2,DEMO-00379,2026-08-13,Compact A,A,Paint,PASS,None,0,2026-08-13T16:00:00
DEMO-00323-3,DEMO-00323,2026-08-11,Compact A,B,Final,PASS,None,0,2026-08-11T16:00:00
DEMO-00552-3,DEMO-00552,2026-08-19,Compact B,C,Final,PASS,None,0,2026-08-19T16:00:00
DEMO-00785-3,DEMO-00785,2026-08-27,Compact A,B,Final,FAIL,Fit and finish,27,2026-08-27T16:00:00
DEMO-00243-1,DEMO-00243,2026-08-09,Compact A,C,Body,PASS,None,0,2026-08-09T16:00:00
DEMO-00495-2,DEMO-00495,2026-08-17,Compact A,C,Paint,PASS,None,0,2026-08-17T16:00:00
DEMO-00226-3,DEMO-00226,2026-08-08,Compact B,A,Final,PASS,None,0,2026-08-08T16:00:00
DEMO-00559-2,DEMO-00559,2026-08-19,Compact A,A,Paint,PASS,None,0,2026-08-19T16:00:00
DEMO-00449-2,DEMO-00449,2026-08-15,Compact A,B,Paint,FAIL,Paint finish,32,2026-08-15T16:00:00
DEMO-00477-3,DEMO-00477,2026-08-16,Compact A,C,Final,PASS,None,0,2026-08-16T16:00:00
DEMO-00062-1,DEMO-00062,2026-08-03,Compact B,B,Body,PASS,None,0,2026-08-03T16:00:00
DEMO-00752-3,DEMO-00752,2026-08-26,Compact B,B,Final,PASS,None,0,2026-08-26T16:00:00
DEMO-00021-3,DEMO-00021,2026-08-01,Compact A,C,Final,PASS,None,0,2026-08-01T08:00:00
DEMO-00795-3,DEMO-00795,2026-08-27,Compact A,C,Final,PASS,None,0,2026-08-27T16:00:00
DEMO-00680-2,DEMO-00680,2026-08-23,Compact B,B,Paint,PASS,None,0,2026-08-23T16:00:00
DEMO-00797-3,DEMO-00797,2026-08-27,Compact A,B,Final,PASS,None,0,2026-08-27T16:00:00
DEMO-00641-3,DEMO-00641,2026-08-22,Compact A,B,Final,PASS,None,0,2026-08-22T16:00:00
DEMO-00253-2,DEMO-00253,2026-08-09,Compact A,A,Paint,PASS,None,0,2026-08-09T16:00:00
DEMO-00681-1,DEMO-00681,2026-08-23,Compact A,C,Body,PASS,None,0,2026-08-23T16:00:00
DEMO-00052-3,DEMO-00052,2026-08-02,Compact B,A,Final,PASS,None,0,2026-08-02T16:00:00
DEMO-00368-3,DEMO-00368,2026-08-13,Compact B,B,Final,PASS,None,0,2026-08-13T16:00:00
DEMO-00190-2,DEMO-00190,2026-08-07,Compact B,A,Paint,PASS,None,0,2026-08-07T16:00:00
DEMO-00600-1,DEMO-00600,2026-08-20,Compact B,C,Body,PASS,None,0,2026-08-20T16:00:00
DEMO-00209-1,DEMO-00209,2026-08-07,Compact A,B,Body,PASS,None,0,2026-08-07T16:00:00
DEMO-00319-1,DEMO-00319,2026-08-11,Compact A,A,Body,PASS,None,0,2026-08-11T16:00:00
DEMO-00293-3,DEMO-00293,2026-08-10,Compact A,B,Final,PASS,None,0,2026-08-10T16:00:00
DEMO-00548-2,DEMO-00548,2026-08-19,Compact B,B,Paint,PASS,None,0,2026-08-19T16:00:00
DEMO-00306-3,DEMO-00306,2026-08-11,Compact B,C,Final,PASS,None,0,2026-08-11T16:00:00
DEMO-00788-1,DEMO-00788,2026-08-27,Compact B,B,Body,PASS,None,0,2026-08-27T16:00:00
DEMO-00798-1,DEMO-00798,2026-08-27,Compact B,C,Body,PASS,None,0,2026-08-27T16:00:00
DEMO-00725-1,DEMO-00725,2026-08-25,Compact A,B,Body,PASS,None,0,2026-08-25T16:00:00
DEMO-00497-2,DEMO-00497,2026-08-17,Compact A,B,Paint,PASS,None,0,2026-08-17T16:00:00
DEMO-00747-2,DEMO-00747,2026-08-25,Compact A,C,Paint,FAIL,Paint finish,32,2026-08-25T16:00:00
DEMO-00173-2,DEMO-00173,2026-08-06,Compact A,B,Paint,PASS,None,0,2026-08-06T16:00:00
DEMO-00837-3,DEMO-00837,2026-08-28,Compact A,C,Final,PASS,None,0,2026-08-28T16:00:00
DEMO-00699-3,DEMO-00699,2026-08-24,Compact A,C,Final,PASS,None,0,2026-08-24T16:00:00
DEMO-00169-1,DEMO-00169,2026-08-06,Compact A,A,Body,PASS,None,0,2026-08-06T16:00:00
DEMO-00186-3,DEMO-00186,2026-08-07,Compact B,C,Final,PASS,None,0,2026-08-07T16:00:00
DEMO-00349-1,DEMO-00349,2026-08-12,Compact A,A,Body,PASS,None,0,2026-08-12T16:00:00
DEMO-00821-1,DEMO-00821,2026-08-28,Compact A,B,Body,PASS,None,0,2026-08-28T16:00:00
DEMO-00337-2,DEMO-00337,2026-08-12,Compact A,A,Paint,PASS,None,0,2026-08-12T16:00:00
DEMO-00243-3,DEMO-00243,2026-08-09,Compact A,C,Final,FAIL,Fit and finish,9,2026-08-09T16:00:00
DEMO-00719-2,DEMO-00719,2026-08-24,Compact A,B,Paint,FAIL,Paint finish,38,2026-08-24T16:00:00
DEMO-00096-3,DEMO-00096,2026-08-04,Compact B,C,Final,PASS,None,0,2026-08-04T16:00:00
DEMO-00757-2,DEMO-00757,2026-08-26,Compact A,A,Paint,PASS,None,0,2026-08-26T16:00:00
DEMO-00027-3,DEMO-00027,2026-08-01,Compact A,C,Final,PASS,None,0,2026-08-01T16:00:00
DEMO-00840-3,DEMO-00840,2026-08-28,Compact B,C,Final,PASS,None,0,2026-08-28T16:00:00
DEMO-00363-1,DEMO-00363,2026-08-13,Compact A,C,Body,FAIL,Weld appearance,29,2026-08-13T16:00:00
DEMO-00744-1,DEMO-00744,2026-08-25,Compact B,C,Body,PASS,None,0,2026-08-25T16:00:00
DEMO-00562-1,DEMO-00562,2026-08-19,Compact B,A,Body,PASS,None,0,2026-08-19T16:00:00
DEMO-00335-2,DEMO-00335,2026-08-12,Compact A,B,Paint,FAIL,Paint finish,40,2026-08-12T16:00:00
DEMO-00604-3,DEMO-00604,2026-08-21,Compact B,A,Final,PASS,None,0,2026-08-21T16:00:00
DEMO-00040-2,DEMO-00040,2026-08-02,Compact B,A,Paint,FAIL,Surface inclusion,37,2026-08-02T16:00:00
DEMO-00826-3,DEMO-00826,2026-08-28,Compact B,A,Final,PASS,None,0,2026-08-28T16:00:00
DEMO-00642-1,DEMO-00642,2026-08-22,Compact B,C,Body,PASS,None,0,2026-08-22T16:00:00
DEMO-00222-1,DEMO-00222,2026-08-08,Compact B,C,Body,PASS,None,0,2026-08-08T16:00:00
DEMO-00136-3,DEMO-00136,2026-08-05,Compact B,A,Final,PASS,None,0,2026-08-05T16:00:00
DEMO-00437-3,DEMO-00437,2026-08-15,Compact A,B,Final,PASS,None,0,2026-08-15T16:00:00
DEMO-00086-3,DEMO-00086,2026-08-03,Compact B,B,Final,PASS,None,0,2026-08-03T16:00:00
DEMO-00720-3,DEMO-00720,2026-08-24,Compact B,C,Final,PASS,None,0,2026-08-24T16:00:00
DEMO-00776-3,DEMO-00776,2026-08-26,Compact B,B,Final,PASS,None,0,2026-08-26T16:00:00
DEMO-00561-1,DEMO-00561,2026-08-19,Compact A,C,Body,PASS,None,0,2026-08-19T16:00:00
DEMO-00082-1,DEMO-00082,2026-08-03,Compact B,A,Body,PASS,None,0,2026-08-03T16:00:00
DEMO-00095-1,DEMO-00095,2026-08-04,Compact A,B,Body,PASS,None,0,2026-08-04T16:00:00
DEMO-00448-2,DEMO-00448,2026-08-15,Compact B,A,Paint,PASS,None,0,2026-08-15T16:00:00
DEMO-00398-2,DEMO-00398,2026-08-14,Compact B,B,Paint,PASS,None,0,2026-08-14T16:00:00
DEMO-00237-2,DEMO-00237,2026-08-08,Compact A,C,Paint,PASS,None,0,2026-08-08T16:00:00
DEMO-00069-3,DEMO-00069,2026-08-03,Compact A,C,Final,PASS,None,0,2026-08-03T16:00:00
DEMO-00133-1,DEMO-00133,2026-08-05,Compact A,A,Body,PASS,None,0,2026-08-05T16:00:00
DEMO-00220-3,DEMO-00220,2026-08-08,Compact B,A,Final,PASS,None,0,2026-08-08T16:00:00
DEMO-00454-3,DEMO-00454,2026-08-16,Compact B,A,Final,PASS,None,0,2026-08-16T16:00:00
DEMO-00041-1,DEMO-00041,2026-08-02,Compact A,B,Body,PASS,None,0,2026-08-02T16:00:00
DEMO-00376-2,DEMO-00376,2026-08-13,Compact B,A,Paint,PASS,None,0,2026-08-13T16:00:00
DEMO-00460-1,DEMO-00460,2026-08-16,Compact B,A,Body,FAIL,Weld appearance,36,2026-08-16T16:00:00
DEMO-00564-3,DEMO-00564,2026-08-19,Compact B,C,Final,PASS,None,0,2026-08-19T16:00:00
DEMO-00692-2,DEMO-00692,2026-08-24,Compact B,B,Paint,PASS,None,0,2026-08-24T16:00:00
DEMO-00781-3,DEMO-00781,2026-08-27,Compact A,A,Final,PASS,None,0,2026-08-27T16:00:00
DEMO-00718-2,DEMO-00718,2026-08-24,Compact B,A,Paint,PASS,None,0,2026-08-24T16:00:00
DEMO-00182-2,DEMO-00182,2026-08-07,Compact B,B,Paint,PASS,None,0,2026-08-07T16:00:00
DEMO-00721-3,DEMO-00721,2026-08-25,Compact A,A,Final,PASS,None,0,2026-08-25T16:00:00
DEMO-00379-1,DEMO-00379,2026-08-13,Compact A,A,Body,PASS,None,0,2026-08-13T16:00:00
DEMO-00175-2,DEMO-00175,2026-08-06,Compact A,A,Paint,PASS,None,0,2026-08-06T16:00:00
DEMO-00449-3,DEMO-00449,2026-08-15,Compact A,B,Final,PASS,None,0,2026-08-15T16:00:00
DEMO-00463-3,DEMO-00463,2026-08-16,Compact A,A,Final,PASS,None,0,2026-08-16T16:00:00
DEMO-00470-3,DEMO-00470,2026-08-16,Compact B,B,Final,PASS,None,0,2026-08-16T16:00:00
DEMO-00458-1,DEMO-00458,2026-08-16,Compact B,B,Body,PASS,None,0,2026-08-16T16:00:00
DEMO-00473-3,DEMO-00473,2026-08-16,Compact A,B,Final,PASS,None,0,2026-08-16T16:00:00
DEMO-00516-2,DEMO-00516,2026-08-18,Compact B,C,Paint,PASS,None,0,2026-08-18T16:00:00
DEMO-00036-2,DEMO-00036,2026-08-02,Compact B,C,Paint,PASS,None,0,2026-08-02T16:00:00
